[debug] [2025-12-21T19:46:03.444Z] ----------------------------------------------------------------------
[debug] [2025-12-21T19:46:03.446Z] Command:       /nix/store/ws50yvm6vzlzf7jzz6n7xh4szddrack1-nodejs-20.19.1/bin/node /nix/store/c776mhyhgykcld7p90ajrka149ifn61a-firebase-tools-14.26.0/lib/node_modules/firebase-tools/lib/bin/firebase.js deploy --only functions
[debug] [2025-12-21T19:46:03.447Z] CLI Version:   14.26.0
[debug] [2025-12-21T19:46:03.447Z] Platform:      linux
[debug] [2025-12-21T19:46:03.447Z] Node Version:  v20.19.1
[debug] [2025-12-21T19:46:03.447Z] Time:          Sun Dec 21 2025 19:46:03 GMT+0000 (Coordinated Universal Time)
[debug] [2025-12-21T19:46:03.447Z] ----------------------------------------------------------------------
[debug] 
[debug] [2025-12-21T19:46:03.730Z] Checked if tokens are valid: true, expires at: 1766348521072
[debug] [2025-12-21T19:46:03.731Z] Checked if tokens are valid: true, expires at: 1766348521072
[debug] [2025-12-21T19:46:03.734Z] >>> [apiv2][query] GET https://monospace-pa.googleapis.com/v1/workspaces/reqslanding-47975283 [none]
[debug] [2025-12-21T19:46:04.240Z] <<< [apiv2][status] GET https://monospace-pa.googleapis.com/v1/workspaces/reqslanding-47975283 200
[debug] [2025-12-21T19:46:04.240Z] <<< [apiv2][body] GET https://monospace-pa.googleapis.com/v1/workspaces/reqslanding-47975283 {"workspaceId":"reqslanding-47975283","name":"reqsLanding","workspaceRedirectUrl":"firebase-reqslanding-1765651038238.cluster-lr6dwlc2lzbcctqhqorax5zmro.cloudworkstations.dev","status":"WORKSPACE_STATUS_RUNNING","lastAccessDatetime":"2025-12-21T19:38:12.637417Z","workspaceTemplate":"WORKSPACE_TEMPLATE_FLUTTER","owner":"SELF","serviceAccountEmail":"msp-1813818689319399307@monospace-2.iam.gserviceaccount.com","gitRepoUrl":"https://github.com/cbreqs/reqstech/tree/landing","enableNix":true,"ownerEmail":"singularity@reqs.tech","workstationAccessToken":"eyJhbGciOiJSUzI1NiIsInR5cCI6IkpXVCJ9.eyJpc3MiOiJodHRwczovL2Nsb3VkLmdvb2dsZS5jb20vd29ya3N0YXRpb25zIiwiYXVkIjoiZmlyZWJhc2UtcmVxc2xhbmRpbmctMTc2NTY1MTAzODIzOC5jbHVzdGVyLWxyNmR3bGMybHpiY2N0cWhxb3JheDV6bXJvLmNsb3Vkd29ya3N0YXRpb25zLmRldiIsImlhdCI6MTc2NjM0NjM2NCwiZXhwIjoxNzY2NDMyNzY0fQ.QO1_1yIXzxDgonGs1I0d3_uvRzTrFIFHp8omj0mUyTFONKbwcNfxTSqEQPjxak-1286e2t08rxcGEnqo4cxYD_5x2rgyW9DgPMCCYTW69MtuboefzdiwsfbjNLqi6GATvSj7PSK3j_dKNSS23GZiL1DH4JqxIENKAy8mlkmeCVXXKx2lmaA3LUfG8CvNOt4M62js8b3ukpGrskx3mqYJtg0qLTZsWAXUdxupPoYhZaBpqBTaDQd0lD-qMv090pa-jvHVR6FxitV-yMFTDafAnojBNX-9EBjhFK__5uaQ6XaBMWroHRrMxSaUvD0XtLKz_NPbpCDFvuMQ9g4aXO125A","firebaseProjectId":"reqs-tech"}
[debug] [2025-12-21T19:46:04.241Z] > command requires scopes: ["email","openid","https://www.googleapis.com/auth/cloudplatformprojects.readonly","https://www.googleapis.com/auth/firebase","https://www.googleapis.com/auth/cloud-platform","https://www.googleapis.com/auth/userinfo.email"]
[debug] [2025-12-21T19:46:04.242Z] > authorizing via signed-in user (singularity@reqs.tech)
[debug] [2025-12-21T19:46:04.242Z] [iam] checking project reqs-tech for permissions ["cloudfunctions.functions.create","cloudfunctions.functions.delete","cloudfunctions.functions.get","cloudfunctions.functions.list","cloudfunctions.functions.update","cloudfunctions.operations.get","firebase.projects.get"]
[debug] [2025-12-21T19:46:04.242Z] Checked if tokens are valid: true, expires at: 1766348521072
[debug] [2025-12-21T19:46:04.242Z] Checked if tokens are valid: true, expires at: 1766348521072
[debug] [2025-12-21T19:46:04.243Z] >>> [apiv2][query] POST https://cloudresourcemanager.googleapis.com/v1/projects/reqs-tech:testIamPermissions [none]
[debug] [2025-12-21T19:46:04.243Z] >>> [apiv2][(partial)header] POST https://cloudresourcemanager.googleapis.com/v1/projects/reqs-tech:testIamPermissions x-goog-quota-user=projects/reqs-tech
[debug] [2025-12-21T19:46:04.243Z] >>> [apiv2][body] POST https://cloudresourcemanager.googleapis.com/v1/projects/reqs-tech:testIamPermissions {"permissions":["cloudfunctions.functions.create","cloudfunctions.functions.delete","cloudfunctions.functions.get","cloudfunctions.functions.list","cloudfunctions.functions.update","cloudfunctions.operations.get","firebase.projects.get"]}
[debug] [2025-12-21T19:46:04.299Z] <<< [apiv2][status] POST https://cloudresourcemanager.googleapis.com/v1/projects/reqs-tech:testIamPermissions 200
[debug] [2025-12-21T19:46:04.299Z] <<< [apiv2][body] POST https://cloudresourcemanager.googleapis.com/v1/projects/reqs-tech:testIamPermissions {"permissions":["cloudfunctions.functions.create","cloudfunctions.functions.delete","cloudfunctions.functions.get","cloudfunctions.functions.list","cloudfunctions.functions.update","cloudfunctions.operations.get","firebase.projects.get"]}
[debug] [2025-12-21T19:46:04.299Z] Checked if tokens are valid: true, expires at: 1766348521072
[debug] [2025-12-21T19:46:04.300Z] Checked if tokens are valid: true, expires at: 1766348521072
[debug] [2025-12-21T19:46:04.300Z] >>> [apiv2][query] POST https://iam.googleapis.com/v1/projects/reqs-tech/serviceAccounts/reqs-tech@appspot.gserviceaccount.com:testIamPermissions [none]
[debug] [2025-12-21T19:46:04.300Z] >>> [apiv2][body] POST https://iam.googleapis.com/v1/projects/reqs-tech/serviceAccounts/reqs-tech@appspot.gserviceaccount.com:testIamPermissions {"permissions":["iam.serviceAccounts.actAs"]}
[debug] [2025-12-21T19:46:04.432Z] <<< [apiv2][status] POST https://iam.googleapis.com/v1/projects/reqs-tech/serviceAccounts/reqs-tech@appspot.gserviceaccount.com:testIamPermissions 404
[debug] [2025-12-21T19:46:04.432Z] <<< [apiv2][body] POST https://iam.googleapis.com/v1/projects/reqs-tech/serviceAccounts/reqs-tech@appspot.gserviceaccount.com:testIamPermissions {"error":{"code":404,"message":"Unknown service account","status":"NOT_FOUND"}}
[debug] [2025-12-21T19:46:04.433Z] [functions] service account IAM check errored, deploy may fail:Request to https://iam.googleapis.com/v1/projects/reqs-tech/serviceAccounts/reqs-tech@appspot.gserviceaccount.com:testIamPermissions had HTTP Error: 404, Unknown service account {"name":"FirebaseError","children":[],"context":{"body":{"error":{"code":404,"message":"Unknown service account","status":"NOT_FOUND"}},"response":{"statusCode":404}},"exit":1,"message":"Request to https://iam.googleapis.com/v1/projects/reqs-tech/serviceAccounts/reqs-tech@appspot.gserviceaccount.com:testIamPermissions had HTTP Error: 404, Unknown service account","status":404}
[info] 
[info] === Deploying to 'reqs-tech'...
[info] 
[info] i  deploying functions 
[debug] [2025-12-21T19:46:04.436Z] Checked if tokens are valid: true, expires at: 1766348521072
[debug] [2025-12-21T19:46:04.436Z] Checked if tokens are valid: true, expires at: 1766348521072
[debug] [2025-12-21T19:46:04.437Z] >>> [apiv2][query] GET https://cloudresourcemanager.googleapis.com/v1/projects/reqs-tech [none]
[debug] [2025-12-21T19:46:04.497Z] <<< [apiv2][status] GET https://cloudresourcemanager.googleapis.com/v1/projects/reqs-tech 200
[debug] [2025-12-21T19:46:04.497Z] <<< [apiv2][body] GET https://cloudresourcemanager.googleapis.com/v1/projects/reqs-tech {"projectNumber":"416777413798","projectId":"reqs-tech","lifecycleState":"ACTIVE","name":"REQS TECH","labels":{"firebase":"enabled","firebase-core":"disabled"},"createTime":"2025-12-04T17:44:32.225812Z","parent":{"type":"organization","id":"144427955883"}}
[info] i  functions: preparing codebase default for deployment 
[info] i  functions: ensuring required API cloudfunctions.googleapis.com is enabled... 
[info] i  functions: ensuring required API cloudbuild.googleapis.com is enabled... 
[info] i  artifactregistry: ensuring required API artifactregistry.googleapis.com is enabled... 
[debug] [2025-12-21T19:46:04.499Z] Checked if tokens are valid: true, expires at: 1766348521072
[debug] [2025-12-21T19:46:04.499Z] Checked if tokens are valid: true, expires at: 1766348521072
[debug] [2025-12-21T19:46:04.500Z] >>> [apiv2][query] GET https://firebase.googleapis.com/v1beta1/projects/reqs-tech/adminSdkConfig [none]
[debug] [2025-12-21T19:46:04.593Z] <<< [apiv2][status] GET https://firebase.googleapis.com/v1beta1/projects/reqs-tech/adminSdkConfig 200
[debug] [2025-12-21T19:46:04.593Z] <<< [apiv2][body] GET https://firebase.googleapis.com/v1beta1/projects/reqs-tech/adminSdkConfig {"projectId":"reqs-tech","storageBucket":"reqs-tech.firebasestorage.app"}
[debug] [2025-12-21T19:46:04.594Z] Checked if tokens are valid: true, expires at: 1766348521072
[debug] [2025-12-21T19:46:04.594Z] Checked if tokens are valid: true, expires at: 1766348521072
[debug] [2025-12-21T19:46:04.594Z] >>> [apiv2][query] GET https://runtimeconfig.googleapis.com/v1beta1/projects/reqs-tech/configs [none]
[debug] [2025-12-21T19:46:04.668Z] <<< [apiv2][status] GET https://runtimeconfig.googleapis.com/v1beta1/projects/reqs-tech/configs 200
[debug] [2025-12-21T19:46:04.668Z] <<< [apiv2][body] GET https://runtimeconfig.googleapis.com/v1beta1/projects/reqs-tech/configs {}
[debug] [2025-12-21T19:46:04.669Z] Validating nodejs source
[warn] ⚠  functions: package.json indicates an outdated version of firebase-functions. Please upgrade using npm install --save firebase-functions@latest in your functions directory. 
[warn] ⚠  functions: Please note that there will be breaking changes when you upgrade. 
[debug] [2025-12-21T19:46:05.324Z] > [functions] package.json contents: {
  "name": "functions",
  "version": "1.0.0",
  "description": "",
  "main": "lib/index.js",
  "dependencies": {
    "axios": "^1.13.2",
    "firebase-admin": "^12.0.0",
    "firebase-functions": "^5.0.0",
    "google-auth-library": "^9.0.0",
    "googleapis": "^134.0.0"
  },
  "scripts": {
    "build": "tsc",
    "deploy": "firebase deploy --only functions",
    "test": "echo \"Error: no test specified\" && exit 1"
  },
  "keywords": [],
  "author": "",
  "license": "ISC",
  "type": "commonjs",
  "devDependencies": {
    "typescript": "^5.0.0"
  }
}
[debug] [2025-12-21T19:46:05.325Z] Building nodejs source
[info] i  functions: Loading and analyzing source code for codebase default to determine what to deploy 
[debug] [2025-12-21T19:46:05.326Z] Could not find functions.yaml. Must use http discovery
[debug] [2025-12-21T19:46:05.330Z] Found firebase-functions binary at '/home/user/landing/reqstech/functions/node_modules/.bin/firebase-functions'
[info] Serving at port 8489

[debug] [2025-12-21T19:46:06.224Z] Got response from /__/functions.yaml {"endpoints":{"contact":{"availableMemoryMb":null,"timeoutSeconds":null,"minInstances":null,"maxInstances":5,"ingressSettings":null,"concurrency":null,"serviceAccountEmail":null,"vpc":null,"platform":"gcfv2","region":["us-central1"],"labels":{},"httpsTrigger":{},"entryPoint":"contact"},"handleServiceRequestCreate":{"availableMemoryMb":null,"timeoutSeconds":null,"minInstances":null,"maxInstances":null,"ingressSettings":null,"concurrency":null,"serviceAccountEmail":null,"vpc":null,"platform":"gcfv2","labels":{},"eventTrigger":{"eventType":"google.cloud.firestore.document.v1.created","eventFilters":{"database":"(default)","namespace":"(default)"},"eventFilterPathPatterns":{"document":"serviceRequest/{docId}"},"retry":false},"entryPoint":"handleServiceRequestCreate"},"handleRoleResponseCreate":{"availableMemoryMb":null,"timeoutSeconds":null,"minInstances":null,"maxInstances":null,"ingressSettings":null,"concurrency":null,"serviceAccountEmail":null,"vpc":null,"platform":"gcfv2","labels":{},"eventTrigger":{"eventType":"google.cloud.firestore.document.v1.created","eventFilters":{"database":"(default)","namespace":"(default)"},"eventFilterPathPatterns":{"document":"roleResponse/{docId}"},"retry":false},"entryPoint":"handleRoleResponseCreate"},"exportexistingdata":{"availableMemoryMb":null,"timeoutSeconds":null,"minInstances":null,"maxInstances":null,"ingressSettings":null,"concurrency":null,"serviceAccountEmail":null,"vpc":null,"platform":"gcfv2","labels":{},"httpsTrigger":{},"entryPoint":"exportexistingdata"}},"specVersion":"v1alpha1","requiredAPIs":[],"extensions":{}}
[info] i  extensions: ensuring required API firebaseextensions.googleapis.com is enabled... 
[debug] [2025-12-21T19:46:06.259Z] > command requires scopes: ["email","openid","https://www.googleapis.com/auth/cloudplatformprojects.readonly","https://www.googleapis.com/auth/firebase","https://www.googleapis.com/auth/cloud-platform","https://www.googleapis.com/auth/userinfo.email"]
[debug] [2025-12-21T19:46:06.259Z] > authorizing via signed-in user (singularity@reqs.tech)
[debug] [2025-12-21T19:46:06.259Z] [iam] checking project reqs-tech for permissions ["firebase.projects.get","firebaseextensions.instances.list"]
[debug] [2025-12-21T19:46:06.259Z] Checked if tokens are valid: true, expires at: 1766348521072
[debug] [2025-12-21T19:46:06.259Z] Checked if tokens are valid: true, expires at: 1766348521072
[debug] [2025-12-21T19:46:06.259Z] >>> [apiv2][query] POST https://cloudresourcemanager.googleapis.com/v1/projects/reqs-tech:testIamPermissions [none]
[debug] [2025-12-21T19:46:06.259Z] >>> [apiv2][(partial)header] POST https://cloudresourcemanager.googleapis.com/v1/projects/reqs-tech:testIamPermissions x-goog-quota-user=projects/reqs-tech
[debug] [2025-12-21T19:46:06.260Z] >>> [apiv2][body] POST https://cloudresourcemanager.googleapis.com/v1/projects/reqs-tech:testIamPermissions {"permissions":["firebase.projects.get","firebaseextensions.instances.list"]}
[debug] [2025-12-21T19:46:06.314Z] <<< [apiv2][status] POST https://cloudresourcemanager.googleapis.com/v1/projects/reqs-tech:testIamPermissions 200
[debug] [2025-12-21T19:46:06.314Z] <<< [apiv2][body] POST https://cloudresourcemanager.googleapis.com/v1/projects/reqs-tech:testIamPermissions {"permissions":["firebase.projects.get","firebaseextensions.instances.list"]}
[debug] [2025-12-21T19:46:06.315Z] Checked if tokens are valid: true, expires at: 1766348521072
[debug] [2025-12-21T19:46:06.315Z] Checked if tokens are valid: true, expires at: 1766348521072
[debug] [2025-12-21T19:46:06.315Z] >>> [apiv2][query] GET https://firebaseextensions.googleapis.com/v1beta/projects/reqs-tech/instances pageSize=100&pageToken=
[debug] [2025-12-21T19:46:06.404Z] <<< [apiv2][status] GET https://firebaseextensions.googleapis.com/v1beta/projects/reqs-tech/instances 200
[debug] [2025-12-21T19:46:06.404Z] <<< [apiv2][body] GET https://firebaseextensions.googleapis.com/v1beta/projects/reqs-tech/instances {}
[info] i  functions: preparing functions directory for uploading... 
[info] i  functions: packaged /home/user/landing/reqstech/functions (43.21 KB) for uploading 
[debug] [2025-12-21T19:46:06.469Z] Checked if tokens are valid: true, expires at: 1766348521072
[debug] [2025-12-21T19:46:06.469Z] Checked if tokens are valid: true, expires at: 1766348521072
[debug] [2025-12-21T19:46:06.470Z] >>> [apiv2][query] GET https://cloudfunctions.googleapis.com/v1/projects/reqs-tech/locations/-/functions [none]
[debug] [2025-12-21T19:46:06.835Z] <<< [apiv2][status] GET https://cloudfunctions.googleapis.com/v1/projects/reqs-tech/locations/-/functions 200
[debug] [2025-12-21T19:46:06.835Z] <<< [apiv2][body] GET https://cloudfunctions.googleapis.com/v1/projects/reqs-tech/locations/-/functions {}
[debug] [2025-12-21T19:46:06.835Z] Checked if tokens are valid: true, expires at: 1766348521072
[debug] [2025-12-21T19:46:06.835Z] Checked if tokens are valid: true, expires at: 1766348521072
[debug] [2025-12-21T19:46:06.836Z] >>> [apiv2][query] GET https://cloudfunctions.googleapis.com/v2/projects/reqs-tech/locations/-/functions filter=environment%3D%22GEN_2%22
[debug] [2025-12-21T19:46:07.134Z] <<< [apiv2][status] GET https://cloudfunctions.googleapis.com/v2/projects/reqs-tech/locations/-/functions 200
[debug] [2025-12-21T19:46:07.134Z] <<< [apiv2][body] GET https://cloudfunctions.googleapis.com/v2/projects/reqs-tech/locations/-/functions {"functions":[{"name":"projects/reqs-tech/locations/us-central1/functions/onservicerequestcreate","buildConfig":{"build":"projects/416777413798/locations/us-central1/builds/8dd4d84c-0e6a-4ac2-bb0f-a7d1c2a05617","runtime":"nodejs20","entryPoint":"onservicerequestcreate","source":{"storageSource":{"bucket":"gcf-v2-sources-416777413798-us-central1","object":"onservicerequestcreate/function-source.zip","generation":"1766344329301368"}},"environmentVariables":{"GOOGLE_NODE_RUN_SCRIPTS":""},"dockerRepository":"projects/reqs-tech/locations/us-central1/repositories/gcf-artifacts","sourceProvenance":{"resolvedStorageSource":{"bucket":"gcf-v2-sources-416777413798-us-central1","object":"onservicerequestcreate/function-source.zip","generation":"1766344329301368"}},"dockerRegistry":"ARTIFACT_REGISTRY","serviceAccount":"projects/reqs-tech/serviceAccounts/416777413798-compute@developer.gserviceaccount.com","automaticUpdatePolicy":{}},"state":"FAILED","updateTime":"2025-12-21T19:12:43.401689421Z","labels":{"firebase-functions-hash":"b68ae89d4d29b8c2db939f5740e1e03265ccfc6a","deployment-tool":"cli-firebase--project-idx"},"stateMessages":[{"severity":"ERROR","type":"CloudRunServiceNotFound","message":"Cloud Run service projects/reqs-tech/locations/us-central1/services/onservicerequestcreate for the function was not found. The function will not work correctly. Please redeploy."},{"severity":"ERROR","type":"EventarcTriggerNotFound","message":"Eventarc trigger projects/reqs-tech/locations/nam5/triggers/onservicerequestcreate-708867 for the function was not found. The function may not work correctly. Please redeploy."}],"environment":"GEN_2","url":"https://us-central1-reqs-tech.cloudfunctions.net/onservicerequestcreate","createTime":"2025-12-21T19:12:09.934067501Z","satisfiesPzi":true},{"name":"projects/reqs-tech/locations/us-central1/functions/onroleresponsecreate","buildConfig":{"build":"projects/416777413798/locations/us-central1/builds/ebb46671-bbb9-418d-87fc-268b7c19246b","runtime":"nodejs20","entryPoint":"onroleresponsecreate","source":{"storageSource":{"bucket":"gcf-v2-sources-416777413798-us-central1","object":"onroleresponsecreate/function-source.zip","generation":"1766344329267635"}},"environmentVariables":{"GOOGLE_NODE_RUN_SCRIPTS":""},"dockerRepository":"projects/reqs-tech/locations/us-central1/repositories/gcf-artifacts","sourceProvenance":{"resolvedStorageSource":{"bucket":"gcf-v2-sources-416777413798-us-central1","object":"onroleresponsecreate/function-source.zip","generation":"1766344329267635"}},"dockerRegistry":"ARTIFACT_REGISTRY","serviceAccount":"projects/reqs-tech/serviceAccounts/416777413798-compute@developer.gserviceaccount.com","automaticUpdatePolicy":{}},"state":"FAILED","updateTime":"2025-12-21T19:12:46.132223838Z","labels":{"deployment-tool":"cli-firebase--project-idx","firebase-functions-hash":"b68ae89d4d29b8c2db939f5740e1e03265ccfc6a"},"stateMessages":[{"severity":"ERROR","type":"CloudRunServiceNotFound","message":"Cloud Run service projects/reqs-tech/locations/us-central1/services/onroleresponsecreate for the function was not found. The function will not work correctly. Please redeploy."},{"severity":"ERROR","type":"EventarcTriggerNotFound","message":"Eventarc trigger projects/reqs-tech/locations/nam5/triggers/onroleresponsecreate-409368 for the function was not found. The function may not work correctly. Please redeploy."}],"environment":"GEN_2","url":"https://us-central1-reqs-tech.cloudfunctions.net/onroleresponsecreate","createTime":"2025-12-21T19:12:09.902795766Z","satisfiesPzi":true},{"name":"projects/reqs-tech/locations/us-central1/functions/contact","buildConfig":{"build":"projects/416777413798/locations/us-central1/builds/d14323fb-904d-4f47-b4d0-d12e6377b5b0","runtime":"nodejs20","entryPoint":"contact","source":{"storageSource":{"bucket":"gcf-v2-sources-416777413798-us-central1","object":"contact/function-source.zip","generation":"1766344292960987"}},"environmentVariables":{"GOOGLE_NODE_RUN_SCRIPTS":""},"dockerRepository":"projects/reqs-tech/locations/us-central1/repositories/gcf-artifacts","sourceProvenance":{"resolvedStorageSource":{"bucket":"gcf-v2-sources-416777413798-us-central1","object":"contact/function-source.zip","generation":"1766344292960987"}},"dockerRegistry":"ARTIFACT_REGISTRY","serviceAccount":"projects/reqs-tech/serviceAccounts/416777413798-compute@developer.gserviceaccount.com","automaticUpdatePolicy":{}},"state":"UNKNOWN","updateTime":"2025-12-21T19:22:44.867351293Z","labels":{"deployment-tool":"cli-firebase--project-idx","firebase-functions-hash":"96f426a2d1255cf332ceefdf6de62bd0eb720799"},"stateMessages":[{"severity":"ERROR","type":"CloudRunServiceNotFound","message":"Cloud Run service projects/reqs-tech/locations/us-central1/services/contact for the function was not found. The function will not work correctly. Please redeploy."}],"environment":"GEN_2","url":"https://us-central1-reqs-tech.cloudfunctions.net/contact","createTime":"2025-12-21T19:11:33.204188478Z","satisfiesPzi":true},{"name":"projects/reqs-tech/locations/us-central1/functions/exportexistingdata","buildConfig":{"build":"projects/416777413798/locations/us-central1/builds/7d628752-e556-4be9-bb92-d50a3419ee60","runtime":"nodejs20","entryPoint":"exportexistingdata","source":{"storageSource":{"bucket":"gcf-v2-sources-416777413798-us-central1","object":"exportexistingdata/function-source.zip","generation":"1766344211711303"}},"environmentVariables":{"GOOGLE_NODE_RUN_SCRIPTS":""},"dockerRepository":"projects/reqs-tech/locations/us-central1/repositories/gcf-artifacts","sourceProvenance":{"resolvedStorageSource":{"bucket":"gcf-v2-sources-416777413798-us-central1","object":"exportexistingdata/function-source.zip","generation":"1766344211711303"}},"dockerRegistry":"ARTIFACT_REGISTRY","serviceAccount":"projects/reqs-tech/serviceAccounts/416777413798-compute@developer.gserviceaccount.com","automaticUpdatePolicy":{}},"state":"UNKNOWN","updateTime":"2025-12-21T19:22:36.175052451Z","labels":{"deployment-tool":"cli-firebase--project-idx","firebase-functions-hash":"96f426a2d1255cf332ceefdf6de62bd0eb720799"},"stateMessages":[{"severity":"ERROR","type":"CloudRunServiceNotFound","message":"Cloud Run service projects/reqs-tech/locations/us-central1/services/exportexistingdata for the function was not found. The function will not work correctly. Please redeploy."}],"environment":"GEN_2","url":"https://us-central1-reqs-tech.cloudfunctions.net/exportexistingdata","createTime":"2025-12-21T19:10:11.928008863Z","satisfiesPzi":true}]}
[debug] [2025-12-21T19:46:07.136Z] Checked if tokens are valid: true, expires at: 1766348521072
[debug] [2025-12-21T19:46:07.136Z] Checked if tokens are valid: true, expires at: 1766348521072
[debug] [2025-12-21T19:46:07.136Z] >>> [apiv2][query] GET https://firestore.googleapis.com/v1/projects/reqs-tech/databases/(default) [none]
[debug] [2025-12-21T19:46:07.198Z] <<< [apiv2][status] GET https://firestore.googleapis.com/v1/projects/reqs-tech/databases/(default) 200
[debug] [2025-12-21T19:46:07.199Z] <<< [apiv2][body] GET https://firestore.googleapis.com/v1/projects/reqs-tech/databases/(default) {"name":"projects/reqs-tech/databases/(default)","uid":"04e71bde-7ab2-491b-9d8a-63105066eddd","createTime":"2025-12-08T17:13:07.473764Z","updateTime":"2025-12-08T17:13:07.473764Z","locationId":"nam5","type":"FIRESTORE_NATIVE","concurrencyMode":"PESSIMISTIC","versionRetentionPeriod":"3600s","earliestVersionTime":"2025-12-21T18:46:07.195752Z","appEngineIntegrationMode":"DISABLED","keyPrefix":"s","pointInTimeRecoveryEnablement":"POINT_IN_TIME_RECOVERY_DISABLED","deleteProtectionState":"DELETE_PROTECTION_DISABLED","databaseEdition":"STANDARD","freeTier":true,"realtimeUpdatesMode":"REALTIME_UPDATES_MODE_ENABLED","etag":"IJqvkf64z5EDMIKOup/Kr5ED"}
[info] i  functions: ensuring required API run.googleapis.com is enabled... 
[info] i  functions: ensuring required API eventarc.googleapis.com is enabled... 
[info] i  functions: ensuring required API pubsub.googleapis.com is enabled... 
[info] i  functions: ensuring required API storage.googleapis.com is enabled... 
[info] i  functions: generating the service identity for pubsub.googleapis.com... 
[debug] [2025-12-21T19:46:07.201Z] Checked if tokens are valid: true, expires at: 1766348521072
[debug] [2025-12-21T19:46:07.201Z] Checked if tokens are valid: true, expires at: 1766348521072
[info] i  functions: generating the service identity for eventarc.googleapis.com... 
[debug] [2025-12-21T19:46:07.202Z] Checked if tokens are valid: true, expires at: 1766348521072
[debug] [2025-12-21T19:46:07.202Z] Checked if tokens are valid: true, expires at: 1766348521072
[debug] [2025-12-21T19:46:07.202Z] >>> [apiv2][query] POST https://serviceusage.googleapis.com/v1beta1/projects/416777413798/services/pubsub.googleapis.com:generateServiceIdentity [none]
[debug] [2025-12-21T19:46:07.202Z] >>> [apiv2][(partial)header] POST https://serviceusage.googleapis.com/v1beta1/projects/416777413798/services/pubsub.googleapis.com:generateServiceIdentity x-goog-quota-user=projects/416777413798
[debug] [2025-12-21T19:46:07.202Z] >>> [apiv2][body] POST https://serviceusage.googleapis.com/v1beta1/projects/416777413798/services/pubsub.googleapis.com:generateServiceIdentity {}
[debug] [2025-12-21T19:46:07.203Z] >>> [apiv2][query] POST https://serviceusage.googleapis.com/v1beta1/projects/416777413798/services/eventarc.googleapis.com:generateServiceIdentity [none]
[debug] [2025-12-21T19:46:07.203Z] >>> [apiv2][(partial)header] POST https://serviceusage.googleapis.com/v1beta1/projects/416777413798/services/eventarc.googleapis.com:generateServiceIdentity x-goog-quota-user=projects/416777413798
[debug] [2025-12-21T19:46:07.203Z] >>> [apiv2][body] POST https://serviceusage.googleapis.com/v1beta1/projects/416777413798/services/eventarc.googleapis.com:generateServiceIdentity {}
[debug] [2025-12-21T19:46:07.364Z] <<< [apiv2][status] POST https://serviceusage.googleapis.com/v1beta1/projects/416777413798/services/pubsub.googleapis.com:generateServiceIdentity 200
[debug] [2025-12-21T19:46:07.364Z] <<< [apiv2][body] POST https://serviceusage.googleapis.com/v1beta1/projects/416777413798/services/pubsub.googleapis.com:generateServiceIdentity {"name":"operations/finished.DONE_OPERATION","done":true,"response":{"@type":"type.googleapis.com/google.api.serviceusage.v1beta1.ServiceIdentity","email":"service-416777413798@gcp-sa-pubsub.iam.gserviceaccount.com","uniqueId":"104224276926171677225"}}
[debug] [2025-12-21T19:46:07.396Z] <<< [apiv2][status] POST https://serviceusage.googleapis.com/v1beta1/projects/416777413798/services/eventarc.googleapis.com:generateServiceIdentity 200
[debug] [2025-12-21T19:46:07.396Z] <<< [apiv2][body] POST https://serviceusage.googleapis.com/v1beta1/projects/416777413798/services/eventarc.googleapis.com:generateServiceIdentity {"name":"operations/finished.DONE_OPERATION","done":true,"response":{"@type":"type.googleapis.com/google.api.serviceusage.v1beta1.ServiceIdentity","email":"service-416777413798@gcp-sa-eventarc.iam.gserviceaccount.com","uniqueId":"105414877270792360027"}}
[debug] [2025-12-21T19:46:07.399Z] Checked if tokens are valid: true, expires at: 1766348521072
[debug] [2025-12-21T19:46:07.399Z] Checked if tokens are valid: true, expires at: 1766348521072
[debug] [2025-12-21T19:46:07.399Z] >>> [apiv2][query] GET https://compute.googleapis.com/compute/v1/projects/416777413798 [none]
[debug] [2025-12-21T19:46:07.443Z] <<< [apiv2][status] GET https://compute.googleapis.com/compute/v1/projects/416777413798 403
[debug] [2025-12-21T19:46:07.443Z] <<< [apiv2][body] GET https://compute.googleapis.com/compute/v1/projects/416777413798 {"error":{"code":403,"message":"Compute Engine API has not been used in project 416777413798 before or it is disabled. Enable it by visiting https://console.developers.google.com/apis/api/compute.googleapis.com/overview?project=416777413798 then retry. If you enabled this API recently, wait a few minutes for the action to propagate to our systems and retry.","errors":[{"message":"Compute Engine API has not been used in project 416777413798 before or it is disabled. Enable it by visiting https://console.developers.google.com/apis/api/compute.googleapis.com/overview?project=416777413798 then retry. If you enabled this API recently, wait a few minutes for the action to propagate to our systems and retry.","domain":"usageLimits","reason":"accessNotConfigured","extendedHelp":"https://console.developers.google.com"}],"status":"PERMISSION_DENIED","details":[{"@type":"type.googleapis.com/google.rpc.ErrorInfo","reason":"SERVICE_DISABLED","domain":"googleapis.com","metadata":{"serviceTitle":"Compute Engine API","consumer":"projects/416777413798","containerInfo":"416777413798","service":"compute.googleapis.com","activationUrl":"https://console.developers.google.com/apis/api/compute.googleapis.com/overview?project=416777413798"}},{"@type":"type.googleapis.com/google.rpc.LocalizedMessage","locale":"en-US","message":"Compute Engine API has not been used in project 416777413798 before or it is disabled. Enable it by visiting https://console.developers.google.com/apis/api/compute.googleapis.com/overview?project=416777413798 then retry. If you enabled this API recently, wait a few minutes for the action to propagate to our systems and retry."},{"@type":"type.googleapis.com/google.rpc.Help","links":[{"description":"Google developers console API activation","url":"https://console.developers.google.com/apis/api/compute.googleapis.com/overview?project=416777413798"}]}]}}
[debug] [2025-12-21T19:46:07.443Z] unable to look up default compute service account. Falling back to 416777413798-compute@developer.gserviceaccount.com. Error: {"name":"FirebaseError","children":[],"context":{"body":{"error":{"code":403,"message":"Compute Engine API has not been used in project 416777413798 before or it is disabled. Enable it by visiting https://console.developers.google.com/apis/api/compute.googleapis.com/overview?project=416777413798 then retry. If you enabled this API recently, wait a few minutes for the action to propagate to our systems and retry.","errors":[{"message":"Compute Engine API has not been used in project 416777413798 before or it is disabled. Enable it by visiting https://console.developers.google.com/apis/api/compute.googleapis.com/overview?project=416777413798 then retry. If you enabled this API recently, wait a few minutes for the action to propagate to our systems and retry.","domain":"usageLimits","reason":"accessNotConfigured","extendedHelp":"https://console.developers.google.com"}],"status":"PERMISSION_DENIED","details":[{"@type":"type.googleapis.com/google.rpc.ErrorInfo","reason":"SERVICE_DISABLED","domain":"googleapis.com","metadata":{"serviceTitle":"Compute Engine API","consumer":"projects/416777413798","containerInfo":"416777413798","service":"compute.googleapis.com","activationUrl":"https://console.developers.google.com/apis/api/compute.googleapis.com/overview?project=416777413798"}},{"@type":"type.googleapis.com/google.rpc.LocalizedMessage","locale":"en-US","message":"Compute Engine API has not been used in project 416777413798 before or it is disabled. Enable it by visiting https://console.developers.google.com/apis/api/compute.googleapis.com/overview?project=416777413798 then retry. If you enabled this API recently, wait a few minutes for the action to propagate to our systems and retry."},{"@type":"type.googleapis.com/google.rpc.Help","links":[{"description":"Google developers console API activation","url":"https://console.developers.google.com/apis/api/compute.googleapis.com/overview?project=416777413798"}]}]}},"response":{"statusCode":403}},"exit":1,"message":"Request to https://compute.googleapis.com/compute/v1/projects/416777413798 had HTTP Error: 403, Compute Engine API has not been used in project 416777413798 before or it is disabled. Enable it by visiting https://console.developers.google.com/apis/api/compute.googleapis.com/overview?project=416777413798 then retry. If you enabled this API recently, wait a few minutes for the action to propagate to our systems and retry.","status":403}
[debug] [2025-12-21T19:46:07.444Z] Checked if tokens are valid: true, expires at: 1766348521072
[debug] [2025-12-21T19:46:07.444Z] Checked if tokens are valid: true, expires at: 1766348521072
[debug] [2025-12-21T19:46:07.444Z] >>> [apiv2][query] POST https://cloudresourcemanager.googleapis.com/v1/projects/416777413798:getIamPolicy [none]
[debug] [2025-12-21T19:46:07.526Z] <<< [apiv2][status] POST https://cloudresourcemanager.googleapis.com/v1/projects/416777413798:getIamPolicy 200
[debug] [2025-12-21T19:46:07.526Z] <<< [apiv2][body] POST https://cloudresourcemanager.googleapis.com/v1/projects/416777413798:getIamPolicy {"version":1,"etag":"BwZGe0l3CGA=","bindings":[{"role":"roles/artifactregistry.serviceAgent","members":["serviceAccount:service-416777413798@gcp-sa-artifactregistry.iam.gserviceaccount.com"]},{"role":"roles/artifactregistry.writer","members":["serviceAccount:416777413798@cloudbuild.gserviceaccount.com"]},{"role":"roles/cloudaicompanion.serviceAgent","members":["serviceAccount:service-416777413798@gcp-sa-cloudaicompanion.iam.gserviceaccount.com"]},{"role":"roles/cloudbuild.builds.builder","members":["serviceAccount:416777413798@cloudbuild.gserviceaccount.com"]},{"role":"roles/cloudbuild.serviceAgent","members":["serviceAccount:service-416777413798@gcp-sa-cloudbuild.iam.gserviceaccount.com"]},{"role":"roles/cloudfunctions.admin","members":["serviceAccount:firebase-adminsdk-fbsvc@reqs-tech.iam.gserviceaccount.com"]},{"role":"roles/cloudfunctions.developer","members":["serviceAccount:416777413798@cloudbuild.gserviceaccount.com"]},{"role":"roles/cloudfunctions.serviceAgent","members":["serviceAccount:service-416777413798@gcf-admin-robot.iam.gserviceaccount.com"]},{"role":"roles/containerregistry.ServiceAgent","members":["serviceAccount:service-416777413798@containerregistry.iam.gserviceaccount.com"]},{"role":"roles/developerconnect.readTokenAccessor","members":["serviceAccount:firebase-app-hosting-compute@reqs-tech.iam.gserviceaccount.com"]},{"role":"roles/developerconnect.serviceAgent","members":["serviceAccount:service-416777413798@gcp-sa-devconnect.iam.gserviceaccount.com"]},{"role":"roles/editor","members":["serviceAccount:416777413798@cloudbuild.gserviceaccount.com","serviceAccount:416777413798@cloudservices.gserviceaccount.com","serviceAccount:reqs-tech-firestore@reqs-tech.iam.gserviceaccount.com"]},{"role":"roles/eventarc.eventReceiver","members":["serviceAccount:416777413798-compute@developer.gserviceaccount.com"]},{"role":"roles/eventarc.serviceAgent","members":["serviceAccount:service-416777413798@gcp-sa-eventarc.iam.gserviceaccount.com"]},{"role":"roles/firebase.managementServiceAgent","members":["serviceAccount:service-416777413798@gcp-sa-firebase.iam.gserviceaccount.com"]},{"role":"roles/firebase.sdkAdminServiceAgent","members":["serviceAccount:firebase-adminsdk-fbsvc@reqs-tech.iam.gserviceaccount.com","serviceAccount:firebase-app-hosting-compute@reqs-tech.iam.gserviceaccount.com"]},{"role":"roles/firebaseappcheck.admin","members":["serviceAccount:firebase-adminsdk-fbsvc@reqs-tech.iam.gserviceaccount.com"]},{"role":"roles/firebaseapphosting.computeRunner","members":["serviceAccount:firebase-app-hosting-compute@reqs-tech.iam.gserviceaccount.com"]},{"role":"roles/firebaseapphosting.serviceAgent","members":["serviceAccount:service-416777413798@gcp-sa-firebaseapphosting.iam.gserviceaccount.com"]},{"role":"roles/firebasemods.serviceAgent","members":["serviceAccount:service-416777413798@gcp-sa-firebasemods.iam.gserviceaccount.com"]},{"role":"roles/firebaserules.system","members":["serviceAccount:service-416777413798@firebase-rules.iam.gserviceaccount.com"]},{"role":"roles/firestore.serviceAgent","members":["serviceAccount:service-416777413798@gcp-sa-firestore.iam.gserviceaccount.com"]},{"role":"roles/iam.serviceAccountTokenCreator","members":["serviceAccount:firebase-adminsdk-fbsvc@reqs-tech.iam.gserviceaccount.com","serviceAccount:service-416777413798@gcp-sa-pubsub.iam.gserviceaccount.com"]},{"role":"roles/logging.logWriter","members":["serviceAccount:416777413798@cloudbuild.gserviceaccount.com"]},{"role":"roles/owner","members":["user:ch@reqs.tech","user:singularity@reqs.tech"]},{"role":"roles/run.invoker","members":["serviceAccount:416777413798-compute@developer.gserviceaccount.com"]},{"role":"roles/run.serviceAgent","members":["serviceAccount:service-416777413798@serverless-robot-prod.iam.gserviceaccount.com"]},{"role":"roles/secretmanager.admin_withcond_5667e1b0bc083785057e","members":["serviceAccount:service-416777413798@gcp-sa-devconnect.iam.gserviceaccount.com"]},{"role":"roles/storage.objectViewer","members":["serviceAccount:416777413798@cloudbuild.gserviceaccount.com"]}]}
[debug] [2025-12-21T19:46:07.527Z] Checked if tokens are valid: true, expires at: 1766348521072
[debug] [2025-12-21T19:46:07.527Z] Checked if tokens are valid: true, expires at: 1766348521072
[debug] [2025-12-21T19:46:07.528Z] >>> [apiv2][query] GET https://cloudresourcemanager.googleapis.com/v1/projects/reqs-tech [none]
[debug] [2025-12-21T19:46:07.573Z] <<< [apiv2][status] GET https://cloudresourcemanager.googleapis.com/v1/projects/reqs-tech 200
[debug] [2025-12-21T19:46:07.573Z] <<< [apiv2][body] GET https://cloudresourcemanager.googleapis.com/v1/projects/reqs-tech {"projectNumber":"416777413798","projectId":"reqs-tech","lifecycleState":"ACTIVE","name":"REQS TECH","labels":{"firebase":"enabled","firebase-core":"disabled"},"createTime":"2025-12-04T17:44:32.225812Z","parent":{"type":"organization","id":"144427955883"}}
[debug] [2025-12-21T19:46:07.573Z] Checked if tokens are valid: true, expires at: 1766348521072
[debug] [2025-12-21T19:46:07.573Z] Checked if tokens are valid: true, expires at: 1766348521072
[debug] [2025-12-21T19:46:07.573Z] >>> [apiv2][query] GET https://compute.googleapis.com/compute/v1/projects/416777413798 [none]
[debug] [2025-12-21T19:46:07.603Z] <<< [apiv2][status] GET https://compute.googleapis.com/compute/v1/projects/416777413798 403
[debug] [2025-12-21T19:46:07.603Z] <<< [apiv2][body] GET https://compute.googleapis.com/compute/v1/projects/416777413798 {"error":{"code":403,"message":"Compute Engine API has not been used in project 416777413798 before or it is disabled. Enable it by visiting https://console.developers.google.com/apis/api/compute.googleapis.com/overview?project=416777413798 then retry. If you enabled this API recently, wait a few minutes for the action to propagate to our systems and retry.","errors":[{"message":"Compute Engine API has not been used in project 416777413798 before or it is disabled. Enable it by visiting https://console.developers.google.com/apis/api/compute.googleapis.com/overview?project=416777413798 then retry. If you enabled this API recently, wait a few minutes for the action to propagate to our systems and retry.","domain":"usageLimits","reason":"accessNotConfigured","extendedHelp":"https://console.developers.google.com"}],"status":"PERMISSION_DENIED","details":[{"@type":"type.googleapis.com/google.rpc.ErrorInfo","reason":"SERVICE_DISABLED","domain":"googleapis.com","metadata":{"service":"compute.googleapis.com","serviceTitle":"Compute Engine API","containerInfo":"416777413798","consumer":"projects/416777413798","activationUrl":"https://console.developers.google.com/apis/api/compute.googleapis.com/overview?project=416777413798"}},{"@type":"type.googleapis.com/google.rpc.LocalizedMessage","locale":"en-US","message":"Compute Engine API has not been used in project 416777413798 before or it is disabled. Enable it by visiting https://console.developers.google.com/apis/api/compute.googleapis.com/overview?project=416777413798 then retry. If you enabled this API recently, wait a few minutes for the action to propagate to our systems and retry."},{"@type":"type.googleapis.com/google.rpc.Help","links":[{"description":"Google developers console API activation","url":"https://console.developers.google.com/apis/api/compute.googleapis.com/overview?project=416777413798"}]}]}}
[debug] [2025-12-21T19:46:07.603Z] unable to look up default compute service account. Falling back to 416777413798-compute@developer.gserviceaccount.com. Error: {"name":"FirebaseError","children":[],"context":{"body":{"error":{"code":403,"message":"Compute Engine API has not been used in project 416777413798 before or it is disabled. Enable it by visiting https://console.developers.google.com/apis/api/compute.googleapis.com/overview?project=416777413798 then retry. If you enabled this API recently, wait a few minutes for the action to propagate to our systems and retry.","errors":[{"message":"Compute Engine API has not been used in project 416777413798 before or it is disabled. Enable it by visiting https://console.developers.google.com/apis/api/compute.googleapis.com/overview?project=416777413798 then retry. If you enabled this API recently, wait a few minutes for the action to propagate to our systems and retry.","domain":"usageLimits","reason":"accessNotConfigured","extendedHelp":"https://console.developers.google.com"}],"status":"PERMISSION_DENIED","details":[{"@type":"type.googleapis.com/google.rpc.ErrorInfo","reason":"SERVICE_DISABLED","domain":"googleapis.com","metadata":{"service":"compute.googleapis.com","serviceTitle":"Compute Engine API","containerInfo":"416777413798","consumer":"projects/416777413798","activationUrl":"https://console.developers.google.com/apis/api/compute.googleapis.com/overview?project=416777413798"}},{"@type":"type.googleapis.com/google.rpc.LocalizedMessage","locale":"en-US","message":"Compute Engine API has not been used in project 416777413798 before or it is disabled. Enable it by visiting https://console.developers.google.com/apis/api/compute.googleapis.com/overview?project=416777413798 then retry. If you enabled this API recently, wait a few minutes for the action to propagate to our systems and retry."},{"@type":"type.googleapis.com/google.rpc.Help","links":[{"description":"Google developers console API activation","url":"https://console.developers.google.com/apis/api/compute.googleapis.com/overview?project=416777413798"}]}]}},"response":{"statusCode":403}},"exit":1,"message":"Request to https://compute.googleapis.com/compute/v1/projects/416777413798 had HTTP Error: 403, Compute Engine API has not been used in project 416777413798 before or it is disabled. Enable it by visiting https://console.developers.google.com/apis/api/compute.googleapis.com/overview?project=416777413798 then retry. If you enabled this API recently, wait a few minutes for the action to propagate to our systems and retry.","status":403}
[debug] [2025-12-21T19:46:07.603Z] Checked if tokens are valid: true, expires at: 1766348521072
[debug] [2025-12-21T19:46:07.603Z] Checked if tokens are valid: true, expires at: 1766348521072
[debug] [2025-12-21T19:46:07.603Z] >>> [apiv2][query] GET https://compute.googleapis.com/compute/v1/projects/416777413798 [none]
[debug] [2025-12-21T19:46:07.700Z] <<< [apiv2][status] GET https://compute.googleapis.com/compute/v1/projects/416777413798 403
[debug] [2025-12-21T19:46:07.700Z] <<< [apiv2][body] GET https://compute.googleapis.com/compute/v1/projects/416777413798 {"error":{"code":403,"message":"Compute Engine API has not been used in project 416777413798 before or it is disabled. Enable it by visiting https://console.developers.google.com/apis/api/compute.googleapis.com/overview?project=416777413798 then retry. If you enabled this API recently, wait a few minutes for the action to propagate to our systems and retry.","errors":[{"message":"Compute Engine API has not been used in project 416777413798 before or it is disabled. Enable it by visiting https://console.developers.google.com/apis/api/compute.googleapis.com/overview?project=416777413798 then retry. If you enabled this API recently, wait a few minutes for the action to propagate to our systems and retry.","domain":"usageLimits","reason":"accessNotConfigured","extendedHelp":"https://console.developers.google.com"}],"status":"PERMISSION_DENIED","details":[{"@type":"type.googleapis.com/google.rpc.ErrorInfo","reason":"SERVICE_DISABLED","domain":"googleapis.com","metadata":{"containerInfo":"416777413798","service":"compute.googleapis.com","consumer":"projects/416777413798","serviceTitle":"Compute Engine API","activationUrl":"https://console.developers.google.com/apis/api/compute.googleapis.com/overview?project=416777413798"}},{"@type":"type.googleapis.com/google.rpc.LocalizedMessage","locale":"en-US","message":"Compute Engine API has not been used in project 416777413798 before or it is disabled. Enable it by visiting https://console.developers.google.com/apis/api/compute.googleapis.com/overview?project=416777413798 then retry. If you enabled this API recently, wait a few minutes for the action to propagate to our systems and retry."},{"@type":"type.googleapis.com/google.rpc.Help","links":[{"description":"Google developers console API activation","url":"https://console.developers.google.com/apis/api/compute.googleapis.com/overview?project=416777413798"}]}]}}
[debug] [2025-12-21T19:46:07.700Z] unable to look up default compute service account. Falling back to 416777413798-compute@developer.gserviceaccount.com. Error: {"name":"FirebaseError","children":[],"context":{"body":{"error":{"code":403,"message":"Compute Engine API has not been used in project 416777413798 before or it is disabled. Enable it by visiting https://console.developers.google.com/apis/api/compute.googleapis.com/overview?project=416777413798 then retry. If you enabled this API recently, wait a few minutes for the action to propagate to our systems and retry.","errors":[{"message":"Compute Engine API has not been used in project 416777413798 before or it is disabled. Enable it by visiting https://console.developers.google.com/apis/api/compute.googleapis.com/overview?project=416777413798 then retry. If you enabled this API recently, wait a few minutes for the action to propagate to our systems and retry.","domain":"usageLimits","reason":"accessNotConfigured","extendedHelp":"https://console.developers.google.com"}],"status":"PERMISSION_DENIED","details":[{"@type":"type.googleapis.com/google.rpc.ErrorInfo","reason":"SERVICE_DISABLED","domain":"googleapis.com","metadata":{"containerInfo":"416777413798","service":"compute.googleapis.com","consumer":"projects/416777413798","serviceTitle":"Compute Engine API","activationUrl":"https://console.developers.google.com/apis/api/compute.googleapis.com/overview?project=416777413798"}},{"@type":"type.googleapis.com/google.rpc.LocalizedMessage","locale":"en-US","message":"Compute Engine API has not been used in project 416777413798 before or it is disabled. Enable it by visiting https://console.developers.google.com/apis/api/compute.googleapis.com/overview?project=416777413798 then retry. If you enabled this API recently, wait a few minutes for the action to propagate to our systems and retry."},{"@type":"type.googleapis.com/google.rpc.Help","links":[{"description":"Google developers console API activation","url":"https://console.developers.google.com/apis/api/compute.googleapis.com/overview?project=416777413798"}]}]}},"response":{"statusCode":403}},"exit":1,"message":"Request to https://compute.googleapis.com/compute/v1/projects/416777413798 had HTTP Error: 403, Compute Engine API has not been used in project 416777413798 before or it is disabled. Enable it by visiting https://console.developers.google.com/apis/api/compute.googleapis.com/overview?project=416777413798 then retry. If you enabled this API recently, wait a few minutes for the action to propagate to our systems and retry.","status":403}
[debug] [2025-12-21T19:46:07.701Z] Checked if tokens are valid: true, expires at: 1766348521072
[debug] [2025-12-21T19:46:07.701Z] Checked if tokens are valid: true, expires at: 1766348521072
[debug] [2025-12-21T19:46:07.701Z] >>> [apiv2][query] GET https://compute.googleapis.com/compute/v1/projects/416777413798 [none]
[debug] [2025-12-21T19:46:07.740Z] <<< [apiv2][status] GET https://compute.googleapis.com/compute/v1/projects/416777413798 403
[debug] [2025-12-21T19:46:07.740Z] <<< [apiv2][body] GET https://compute.googleapis.com/compute/v1/projects/416777413798 {"error":{"code":403,"message":"Compute Engine API has not been used in project 416777413798 before or it is disabled. Enable it by visiting https://console.developers.google.com/apis/api/compute.googleapis.com/overview?project=416777413798 then retry. If you enabled this API recently, wait a few minutes for the action to propagate to our systems and retry.","errors":[{"message":"Compute Engine API has not been used in project 416777413798 before or it is disabled. Enable it by visiting https://console.developers.google.com/apis/api/compute.googleapis.com/overview?project=416777413798 then retry. If you enabled this API recently, wait a few minutes for the action to propagate to our systems and retry.","domain":"usageLimits","reason":"accessNotConfigured","extendedHelp":"https://console.developers.google.com"}],"status":"PERMISSION_DENIED","details":[{"@type":"type.googleapis.com/google.rpc.ErrorInfo","reason":"SERVICE_DISABLED","domain":"googleapis.com","metadata":{"service":"compute.googleapis.com","activationUrl":"https://console.developers.google.com/apis/api/compute.googleapis.com/overview?project=416777413798","consumer":"projects/416777413798","serviceTitle":"Compute Engine API","containerInfo":"416777413798"}},{"@type":"type.googleapis.com/google.rpc.LocalizedMessage","locale":"en-US","message":"Compute Engine API has not been used in project 416777413798 before or it is disabled. Enable it by visiting https://console.developers.google.com/apis/api/compute.googleapis.com/overview?project=416777413798 then retry. If you enabled this API recently, wait a few minutes for the action to propagate to our systems and retry."},{"@type":"type.googleapis.com/google.rpc.Help","links":[{"description":"Google developers console API activation","url":"https://console.developers.google.com/apis/api/compute.googleapis.com/overview?project=416777413798"}]}]}}
[debug] [2025-12-21T19:46:07.740Z] unable to look up default compute service account. Falling back to 416777413798-compute@developer.gserviceaccount.com. Error: {"name":"FirebaseError","children":[],"context":{"body":{"error":{"code":403,"message":"Compute Engine API has not been used in project 416777413798 before or it is disabled. Enable it by visiting https://console.developers.google.com/apis/api/compute.googleapis.com/overview?project=416777413798 then retry. If you enabled this API recently, wait a few minutes for the action to propagate to our systems and retry.","errors":[{"message":"Compute Engine API has not been used in project 416777413798 before or it is disabled. Enable it by visiting https://console.developers.google.com/apis/api/compute.googleapis.com/overview?project=416777413798 then retry. If you enabled this API recently, wait a few minutes for the action to propagate to our systems and retry.","domain":"usageLimits","reason":"accessNotConfigured","extendedHelp":"https://console.developers.google.com"}],"status":"PERMISSION_DENIED","details":[{"@type":"type.googleapis.com/google.rpc.ErrorInfo","reason":"SERVICE_DISABLED","domain":"googleapis.com","metadata":{"service":"compute.googleapis.com","activationUrl":"https://console.developers.google.com/apis/api/compute.googleapis.com/overview?project=416777413798","consumer":"projects/416777413798","serviceTitle":"Compute Engine API","containerInfo":"416777413798"}},{"@type":"type.googleapis.com/google.rpc.LocalizedMessage","locale":"en-US","message":"Compute Engine API has not been used in project 416777413798 before or it is disabled. Enable it by visiting https://console.developers.google.com/apis/api/compute.googleapis.com/overview?project=416777413798 then retry. If you enabled this API recently, wait a few minutes for the action to propagate to our systems and retry."},{"@type":"type.googleapis.com/google.rpc.Help","links":[{"description":"Google developers console API activation","url":"https://console.developers.google.com/apis/api/compute.googleapis.com/overview?project=416777413798"}]}]}},"response":{"statusCode":403}},"exit":1,"message":"Request to https://compute.googleapis.com/compute/v1/projects/416777413798 had HTTP Error: 403, Compute Engine API has not been used in project 416777413798 before or it is disabled. Enable it by visiting https://console.developers.google.com/apis/api/compute.googleapis.com/overview?project=416777413798 then retry. If you enabled this API recently, wait a few minutes for the action to propagate to our systems and retry.","status":403}
[debug] [2025-12-21T19:46:07.740Z] Checked if tokens are valid: true, expires at: 1766348521072
[debug] [2025-12-21T19:46:07.740Z] Checked if tokens are valid: true, expires at: 1766348521072
[debug] [2025-12-21T19:46:07.741Z] >>> [apiv2][query] GET https://compute.googleapis.com/compute/v1/projects/416777413798 [none]
[debug] [2025-12-21T19:46:07.758Z] <<< [apiv2][status] GET https://compute.googleapis.com/compute/v1/projects/416777413798 403
[debug] [2025-12-21T19:46:07.758Z] <<< [apiv2][body] GET https://compute.googleapis.com/compute/v1/projects/416777413798 {"error":{"code":403,"message":"Compute Engine API has not been used in project 416777413798 before or it is disabled. Enable it by visiting https://console.developers.google.com/apis/api/compute.googleapis.com/overview?project=416777413798 then retry. If you enabled this API recently, wait a few minutes for the action to propagate to our systems and retry.","errors":[{"message":"Compute Engine API has not been used in project 416777413798 before or it is disabled. Enable it by visiting https://console.developers.google.com/apis/api/compute.googleapis.com/overview?project=416777413798 then retry. If you enabled this API recently, wait a few minutes for the action to propagate to our systems and retry.","domain":"usageLimits","reason":"accessNotConfigured","extendedHelp":"https://console.developers.google.com"}],"status":"PERMISSION_DENIED","details":[{"@type":"type.googleapis.com/google.rpc.ErrorInfo","reason":"SERVICE_DISABLED","domain":"googleapis.com","metadata":{"serviceTitle":"Compute Engine API","consumer":"projects/416777413798","containerInfo":"416777413798","service":"compute.googleapis.com","activationUrl":"https://console.developers.google.com/apis/api/compute.googleapis.com/overview?project=416777413798"}},{"@type":"type.googleapis.com/google.rpc.LocalizedMessage","locale":"en-US","message":"Compute Engine API has not been used in project 416777413798 before or it is disabled. Enable it by visiting https://console.developers.google.com/apis/api/compute.googleapis.com/overview?project=416777413798 then retry. If you enabled this API recently, wait a few minutes for the action to propagate to our systems and retry."},{"@type":"type.googleapis.com/google.rpc.Help","links":[{"description":"Google developers console API activation","url":"https://console.developers.google.com/apis/api/compute.googleapis.com/overview?project=416777413798"}]}]}}
[debug] [2025-12-21T19:46:07.758Z] unable to look up default compute service account. Falling back to 416777413798-compute@developer.gserviceaccount.com. Error: {"name":"FirebaseError","children":[],"context":{"body":{"error":{"code":403,"message":"Compute Engine API has not been used in project 416777413798 before or it is disabled. Enable it by visiting https://console.developers.google.com/apis/api/compute.googleapis.com/overview?project=416777413798 then retry. If you enabled this API recently, wait a few minutes for the action to propagate to our systems and retry.","errors":[{"message":"Compute Engine API has not been used in project 416777413798 before or it is disabled. Enable it by visiting https://console.developers.google.com/apis/api/compute.googleapis.com/overview?project=416777413798 then retry. If you enabled this API recently, wait a few minutes for the action to propagate to our systems and retry.","domain":"usageLimits","reason":"accessNotConfigured","extendedHelp":"https://console.developers.google.com"}],"status":"PERMISSION_DENIED","details":[{"@type":"type.googleapis.com/google.rpc.ErrorInfo","reason":"SERVICE_DISABLED","domain":"googleapis.com","metadata":{"serviceTitle":"Compute Engine API","consumer":"projects/416777413798","containerInfo":"416777413798","service":"compute.googleapis.com","activationUrl":"https://console.developers.google.com/apis/api/compute.googleapis.com/overview?project=416777413798"}},{"@type":"type.googleapis.com/google.rpc.LocalizedMessage","locale":"en-US","message":"Compute Engine API has not been used in project 416777413798 before or it is disabled. Enable it by visiting https://console.developers.google.com/apis/api/compute.googleapis.com/overview?project=416777413798 then retry. If you enabled this API recently, wait a few minutes for the action to propagate to our systems and retry."},{"@type":"type.googleapis.com/google.rpc.Help","links":[{"description":"Google developers console API activation","url":"https://console.developers.google.com/apis/api/compute.googleapis.com/overview?project=416777413798"}]}]}},"response":{"statusCode":403}},"exit":1,"message":"Request to https://compute.googleapis.com/compute/v1/projects/416777413798 had HTTP Error: 403, Compute Engine API has not been used in project 416777413798 before or it is disabled. Enable it by visiting https://console.developers.google.com/apis/api/compute.googleapis.com/overview?project=416777413798 then retry. If you enabled this API recently, wait a few minutes for the action to propagate to our systems and retry.","status":403}
[debug] [2025-12-21T19:46:07.758Z] Checked if tokens are valid: true, expires at: 1766348521072
[debug] [2025-12-21T19:46:07.759Z] Checked if tokens are valid: true, expires at: 1766348521072
[debug] [2025-12-21T19:46:07.759Z] >>> [apiv2][query] GET https://compute.googleapis.com/compute/v1/projects/416777413798 [none]
[debug] [2025-12-21T19:46:07.796Z] <<< [apiv2][status] GET https://compute.googleapis.com/compute/v1/projects/416777413798 403
[debug] [2025-12-21T19:46:07.796Z] <<< [apiv2][body] GET https://compute.googleapis.com/compute/v1/projects/416777413798 {"error":{"code":403,"message":"Compute Engine API has not been used in project 416777413798 before or it is disabled. Enable it by visiting https://console.developers.google.com/apis/api/compute.googleapis.com/overview?project=416777413798 then retry. If you enabled this API recently, wait a few minutes for the action to propagate to our systems and retry.","errors":[{"message":"Compute Engine API has not been used in project 416777413798 before or it is disabled. Enable it by visiting https://console.developers.google.com/apis/api/compute.googleapis.com/overview?project=416777413798 then retry. If you enabled this API recently, wait a few minutes for the action to propagate to our systems and retry.","domain":"usageLimits","reason":"accessNotConfigured","extendedHelp":"https://console.developers.google.com"}],"status":"PERMISSION_DENIED","details":[{"@type":"type.googleapis.com/google.rpc.ErrorInfo","reason":"SERVICE_DISABLED","domain":"googleapis.com","metadata":{"consumer":"projects/416777413798","activationUrl":"https://console.developers.google.com/apis/api/compute.googleapis.com/overview?project=416777413798","serviceTitle":"Compute Engine API","containerInfo":"416777413798","service":"compute.googleapis.com"}},{"@type":"type.googleapis.com/google.rpc.LocalizedMessage","locale":"en-US","message":"Compute Engine API has not been used in project 416777413798 before or it is disabled. Enable it by visiting https://console.developers.google.com/apis/api/compute.googleapis.com/overview?project=416777413798 then retry. If you enabled this API recently, wait a few minutes for the action to propagate to our systems and retry."},{"@type":"type.googleapis.com/google.rpc.Help","links":[{"description":"Google developers console API activation","url":"https://console.developers.google.com/apis/api/compute.googleapis.com/overview?project=416777413798"}]}]}}
[debug] [2025-12-21T19:46:07.796Z] unable to look up default compute service account. Falling back to 416777413798-compute@developer.gserviceaccount.com. Error: {"name":"FirebaseError","children":[],"context":{"body":{"error":{"code":403,"message":"Compute Engine API has not been used in project 416777413798 before or it is disabled. Enable it by visiting https://console.developers.google.com/apis/api/compute.googleapis.com/overview?project=416777413798 then retry. If you enabled this API recently, wait a few minutes for the action to propagate to our systems and retry.","errors":[{"message":"Compute Engine API has not been used in project 416777413798 before or it is disabled. Enable it by visiting https://console.developers.google.com/apis/api/compute.googleapis.com/overview?project=416777413798 then retry. If you enabled this API recently, wait a few minutes for the action to propagate to our systems and retry.","domain":"usageLimits","reason":"accessNotConfigured","extendedHelp":"https://console.developers.google.com"}],"status":"PERMISSION_DENIED","details":[{"@type":"type.googleapis.com/google.rpc.ErrorInfo","reason":"SERVICE_DISABLED","domain":"googleapis.com","metadata":{"consumer":"projects/416777413798","activationUrl":"https://console.developers.google.com/apis/api/compute.googleapis.com/overview?project=416777413798","serviceTitle":"Compute Engine API","containerInfo":"416777413798","service":"compute.googleapis.com"}},{"@type":"type.googleapis.com/google.rpc.LocalizedMessage","locale":"en-US","message":"Compute Engine API has not been used in project 416777413798 before or it is disabled. Enable it by visiting https://console.developers.google.com/apis/api/compute.googleapis.com/overview?project=416777413798 then retry. If you enabled this API recently, wait a few minutes for the action to propagate to our systems and retry."},{"@type":"type.googleapis.com/google.rpc.Help","links":[{"description":"Google developers console API activation","url":"https://console.developers.google.com/apis/api/compute.googleapis.com/overview?project=416777413798"}]}]}},"response":{"statusCode":403}},"exit":1,"message":"Request to https://compute.googleapis.com/compute/v1/projects/416777413798 had HTTP Error: 403, Compute Engine API has not been used in project 416777413798 before or it is disabled. Enable it by visiting https://console.developers.google.com/apis/api/compute.googleapis.com/overview?project=416777413798 then retry. If you enabled this API recently, wait a few minutes for the action to propagate to our systems and retry.","status":403}
[debug] [2025-12-21T19:46:07.797Z] Checked if tokens are valid: true, expires at: 1766348521072
[debug] [2025-12-21T19:46:07.797Z] Checked if tokens are valid: true, expires at: 1766348521072
[debug] [2025-12-21T19:46:07.797Z] >>> [apiv2][query] GET https://compute.googleapis.com/compute/v1/projects/416777413798 [none]
[debug] [2025-12-21T19:46:07.891Z] <<< [apiv2][status] GET https://compute.googleapis.com/compute/v1/projects/416777413798 403
[debug] [2025-12-21T19:46:07.891Z] <<< [apiv2][body] GET https://compute.googleapis.com/compute/v1/projects/416777413798 {"error":{"code":403,"message":"Compute Engine API has not been used in project 416777413798 before or it is disabled. Enable it by visiting https://console.developers.google.com/apis/api/compute.googleapis.com/overview?project=416777413798 then retry. If you enabled this API recently, wait a few minutes for the action to propagate to our systems and retry.","errors":[{"message":"Compute Engine API has not been used in project 416777413798 before or it is disabled. Enable it by visiting https://console.developers.google.com/apis/api/compute.googleapis.com/overview?project=416777413798 then retry. If you enabled this API recently, wait a few minutes for the action to propagate to our systems and retry.","domain":"usageLimits","reason":"accessNotConfigured","extendedHelp":"https://console.developers.google.com"}],"status":"PERMISSION_DENIED","details":[{"@type":"type.googleapis.com/google.rpc.ErrorInfo","reason":"SERVICE_DISABLED","domain":"googleapis.com","metadata":{"serviceTitle":"Compute Engine API","activationUrl":"https://console.developers.google.com/apis/api/compute.googleapis.com/overview?project=416777413798","service":"compute.googleapis.com","consumer":"projects/416777413798","containerInfo":"416777413798"}},{"@type":"type.googleapis.com/google.rpc.LocalizedMessage","locale":"en-US","message":"Compute Engine API has not been used in project 416777413798 before or it is disabled. Enable it by visiting https://console.developers.google.com/apis/api/compute.googleapis.com/overview?project=416777413798 then retry. If you enabled this API recently, wait a few minutes for the action to propagate to our systems and retry."},{"@type":"type.googleapis.com/google.rpc.Help","links":[{"description":"Google developers console API activation","url":"https://console.developers.google.com/apis/api/compute.googleapis.com/overview?project=416777413798"}]}]}}
[debug] [2025-12-21T19:46:07.892Z] unable to look up default compute service account. Falling back to 416777413798-compute@developer.gserviceaccount.com. Error: {"name":"FirebaseError","children":[],"context":{"body":{"error":{"code":403,"message":"Compute Engine API has not been used in project 416777413798 before or it is disabled. Enable it by visiting https://console.developers.google.com/apis/api/compute.googleapis.com/overview?project=416777413798 then retry. If you enabled this API recently, wait a few minutes for the action to propagate to our systems and retry.","errors":[{"message":"Compute Engine API has not been used in project 416777413798 before or it is disabled. Enable it by visiting https://console.developers.google.com/apis/api/compute.googleapis.com/overview?project=416777413798 then retry. If you enabled this API recently, wait a few minutes for the action to propagate to our systems and retry.","domain":"usageLimits","reason":"accessNotConfigured","extendedHelp":"https://console.developers.google.com"}],"status":"PERMISSION_DENIED","details":[{"@type":"type.googleapis.com/google.rpc.ErrorInfo","reason":"SERVICE_DISABLED","domain":"googleapis.com","metadata":{"serviceTitle":"Compute Engine API","activationUrl":"https://console.developers.google.com/apis/api/compute.googleapis.com/overview?project=416777413798","service":"compute.googleapis.com","consumer":"projects/416777413798","containerInfo":"416777413798"}},{"@type":"type.googleapis.com/google.rpc.LocalizedMessage","locale":"en-US","message":"Compute Engine API has not been used in project 416777413798 before or it is disabled. Enable it by visiting https://console.developers.google.com/apis/api/compute.googleapis.com/overview?project=416777413798 then retry. If you enabled this API recently, wait a few minutes for the action to propagate to our systems and retry."},{"@type":"type.googleapis.com/google.rpc.Help","links":[{"description":"Google developers console API activation","url":"https://console.developers.google.com/apis/api/compute.googleapis.com/overview?project=416777413798"}]}]}},"response":{"statusCode":403}},"exit":1,"message":"Request to https://compute.googleapis.com/compute/v1/projects/416777413798 had HTTP Error: 403, Compute Engine API has not been used in project 416777413798 before or it is disabled. Enable it by visiting https://console.developers.google.com/apis/api/compute.googleapis.com/overview?project=416777413798 then retry. If you enabled this API recently, wait a few minutes for the action to propagate to our systems and retry.","status":403}
[debug] [2025-12-21T19:46:07.892Z] Checked if tokens are valid: true, expires at: 1766348521072
[debug] [2025-12-21T19:46:07.892Z] Checked if tokens are valid: true, expires at: 1766348521072
[debug] [2025-12-21T19:46:07.892Z] >>> [apiv2][query] GET https://compute.googleapis.com/compute/v1/projects/416777413798 [none]
[debug] [2025-12-21T19:46:07.956Z] <<< [apiv2][status] GET https://compute.googleapis.com/compute/v1/projects/416777413798 403
[debug] [2025-12-21T19:46:07.956Z] <<< [apiv2][body] GET https://compute.googleapis.com/compute/v1/projects/416777413798 {"error":{"code":403,"message":"Compute Engine API has not been used in project 416777413798 before or it is disabled. Enable it by visiting https://console.developers.google.com/apis/api/compute.googleapis.com/overview?project=416777413798 then retry. If you enabled this API recently, wait a few minutes for the action to propagate to our systems and retry.","errors":[{"message":"Compute Engine API has not been used in project 416777413798 before or it is disabled. Enable it by visiting https://console.developers.google.com/apis/api/compute.googleapis.com/overview?project=416777413798 then retry. If you enabled this API recently, wait a few minutes for the action to propagate to our systems and retry.","domain":"usageLimits","reason":"accessNotConfigured","extendedHelp":"https://console.developers.google.com"}],"status":"PERMISSION_DENIED","details":[{"@type":"type.googleapis.com/google.rpc.ErrorInfo","reason":"SERVICE_DISABLED","domain":"googleapis.com","metadata":{"activationUrl":"https://console.developers.google.com/apis/api/compute.googleapis.com/overview?project=416777413798","consumer":"projects/416777413798","service":"compute.googleapis.com","containerInfo":"416777413798","serviceTitle":"Compute Engine API"}},{"@type":"type.googleapis.com/google.rpc.LocalizedMessage","locale":"en-US","message":"Compute Engine API has not been used in project 416777413798 before or it is disabled. Enable it by visiting https://console.developers.google.com/apis/api/compute.googleapis.com/overview?project=416777413798 then retry. If you enabled this API recently, wait a few minutes for the action to propagate to our systems and retry."},{"@type":"type.googleapis.com/google.rpc.Help","links":[{"description":"Google developers console API activation","url":"https://console.developers.google.com/apis/api/compute.googleapis.com/overview?project=416777413798"}]}]}}
[debug] [2025-12-21T19:46:07.956Z] unable to look up default compute service account. Falling back to 416777413798-compute@developer.gserviceaccount.com. Error: {"name":"FirebaseError","children":[],"context":{"body":{"error":{"code":403,"message":"Compute Engine API has not been used in project 416777413798 before or it is disabled. Enable it by visiting https://console.developers.google.com/apis/api/compute.googleapis.com/overview?project=416777413798 then retry. If you enabled this API recently, wait a few minutes for the action to propagate to our systems and retry.","errors":[{"message":"Compute Engine API has not been used in project 416777413798 before or it is disabled. Enable it by visiting https://console.developers.google.com/apis/api/compute.googleapis.com/overview?project=416777413798 then retry. If you enabled this API recently, wait a few minutes for the action to propagate to our systems and retry.","domain":"usageLimits","reason":"accessNotConfigured","extendedHelp":"https://console.developers.google.com"}],"status":"PERMISSION_DENIED","details":[{"@type":"type.googleapis.com/google.rpc.ErrorInfo","reason":"SERVICE_DISABLED","domain":"googleapis.com","metadata":{"activationUrl":"https://console.developers.google.com/apis/api/compute.googleapis.com/overview?project=416777413798","consumer":"projects/416777413798","service":"compute.googleapis.com","containerInfo":"416777413798","serviceTitle":"Compute Engine API"}},{"@type":"type.googleapis.com/google.rpc.LocalizedMessage","locale":"en-US","message":"Compute Engine API has not been used in project 416777413798 before or it is disabled. Enable it by visiting https://console.developers.google.com/apis/api/compute.googleapis.com/overview?project=416777413798 then retry. If you enabled this API recently, wait a few minutes for the action to propagate to our systems and retry."},{"@type":"type.googleapis.com/google.rpc.Help","links":[{"description":"Google developers console API activation","url":"https://console.developers.google.com/apis/api/compute.googleapis.com/overview?project=416777413798"}]}]}},"response":{"statusCode":403}},"exit":1,"message":"Request to https://compute.googleapis.com/compute/v1/projects/416777413798 had HTTP Error: 403, Compute Engine API has not been used in project 416777413798 before or it is disabled. Enable it by visiting https://console.developers.google.com/apis/api/compute.googleapis.com/overview?project=416777413798 then retry. If you enabled this API recently, wait a few minutes for the action to propagate to our systems and retry.","status":403}
[debug] [2025-12-21T19:46:07.957Z] Checked if tokens are valid: true, expires at: 1766348521072
[debug] [2025-12-21T19:46:07.957Z] Checked if tokens are valid: true, expires at: 1766348521072
[debug] [2025-12-21T19:46:07.957Z] >>> [apiv2][query] GET https://compute.googleapis.com/compute/v1/projects/416777413798 [none]
[debug] [2025-12-21T19:46:08.020Z] <<< [apiv2][status] GET https://compute.googleapis.com/compute/v1/projects/416777413798 403
[debug] [2025-12-21T19:46:08.020Z] <<< [apiv2][body] GET https://compute.googleapis.com/compute/v1/projects/416777413798 {"error":{"code":403,"message":"Compute Engine API has not been used in project 416777413798 before or it is disabled. Enable it by visiting https://console.developers.google.com/apis/api/compute.googleapis.com/overview?project=416777413798 then retry. If you enabled this API recently, wait a few minutes for the action to propagate to our systems and retry.","errors":[{"message":"Compute Engine API has not been used in project 416777413798 before or it is disabled. Enable it by visiting https://console.developers.google.com/apis/api/compute.googleapis.com/overview?project=416777413798 then retry. If you enabled this API recently, wait a few minutes for the action to propagate to our systems and retry.","domain":"usageLimits","reason":"accessNotConfigured","extendedHelp":"https://console.developers.google.com"}],"status":"PERMISSION_DENIED","details":[{"@type":"type.googleapis.com/google.rpc.ErrorInfo","reason":"SERVICE_DISABLED","domain":"googleapis.com","metadata":{"activationUrl":"https://console.developers.google.com/apis/api/compute.googleapis.com/overview?project=416777413798","service":"compute.googleapis.com","consumer":"projects/416777413798","serviceTitle":"Compute Engine API","containerInfo":"416777413798"}},{"@type":"type.googleapis.com/google.rpc.LocalizedMessage","locale":"en-US","message":"Compute Engine API has not been used in project 416777413798 before or it is disabled. Enable it by visiting https://console.developers.google.com/apis/api/compute.googleapis.com/overview?project=416777413798 then retry. If you enabled this API recently, wait a few minutes for the action to propagate to our systems and retry."},{"@type":"type.googleapis.com/google.rpc.Help","links":[{"description":"Google developers console API activation","url":"https://console.developers.google.com/apis/api/compute.googleapis.com/overview?project=416777413798"}]}]}}
[debug] [2025-12-21T19:46:08.020Z] unable to look up default compute service account. Falling back to 416777413798-compute@developer.gserviceaccount.com. Error: {"name":"FirebaseError","children":[],"context":{"body":{"error":{"code":403,"message":"Compute Engine API has not been used in project 416777413798 before or it is disabled. Enable it by visiting https://console.developers.google.com/apis/api/compute.googleapis.com/overview?project=416777413798 then retry. If you enabled this API recently, wait a few minutes for the action to propagate to our systems and retry.","errors":[{"message":"Compute Engine API has not been used in project 416777413798 before or it is disabled. Enable it by visiting https://console.developers.google.com/apis/api/compute.googleapis.com/overview?project=416777413798 then retry. If you enabled this API recently, wait a few minutes for the action to propagate to our systems and retry.","domain":"usageLimits","reason":"accessNotConfigured","extendedHelp":"https://console.developers.google.com"}],"status":"PERMISSION_DENIED","details":[{"@type":"type.googleapis.com/google.rpc.ErrorInfo","reason":"SERVICE_DISABLED","domain":"googleapis.com","metadata":{"activationUrl":"https://console.developers.google.com/apis/api/compute.googleapis.com/overview?project=416777413798","service":"compute.googleapis.com","consumer":"projects/416777413798","serviceTitle":"Compute Engine API","containerInfo":"416777413798"}},{"@type":"type.googleapis.com/google.rpc.LocalizedMessage","locale":"en-US","message":"Compute Engine API has not been used in project 416777413798 before or it is disabled. Enable it by visiting https://console.developers.google.com/apis/api/compute.googleapis.com/overview?project=416777413798 then retry. If you enabled this API recently, wait a few minutes for the action to propagate to our systems and retry."},{"@type":"type.googleapis.com/google.rpc.Help","links":[{"description":"Google developers console API activation","url":"https://console.developers.google.com/apis/api/compute.googleapis.com/overview?project=416777413798"}]}]}},"response":{"statusCode":403}},"exit":1,"message":"Request to https://compute.googleapis.com/compute/v1/projects/416777413798 had HTTP Error: 403, Compute Engine API has not been used in project 416777413798 before or it is disabled. Enable it by visiting https://console.developers.google.com/apis/api/compute.googleapis.com/overview?project=416777413798 then retry. If you enabled this API recently, wait a few minutes for the action to propagate to our systems and retry.","status":403}
[debug] [2025-12-21T19:46:08.022Z] Checked if tokens are valid: true, expires at: 1766348521072
[debug] [2025-12-21T19:46:08.022Z] Checked if tokens are valid: true, expires at: 1766348521072
[debug] [2025-12-21T19:46:08.022Z] >>> [apiv2][query] GET https://cloudbilling.googleapis.com/v1/projects/reqs-tech/billingInfo [none]
[debug] [2025-12-21T19:46:08.114Z] <<< [apiv2][status] GET https://cloudbilling.googleapis.com/v1/projects/reqs-tech/billingInfo 200
[debug] [2025-12-21T19:46:08.114Z] <<< [apiv2][body] GET https://cloudbilling.googleapis.com/v1/projects/reqs-tech/billingInfo {"name":"projects/reqs-tech/billingInfo","projectId":"reqs-tech","billingAccountName":"billingAccounts/01750F-EF39E7-5B631B","billingEnabled":true}
[debug] [2025-12-21T19:46:08.116Z] Checked if tokens are valid: true, expires at: 1766348521072
[debug] [2025-12-21T19:46:08.117Z] Checked if tokens are valid: true, expires at: 1766348521072
[debug] [2025-12-21T19:46:08.117Z] >>> [apiv2][query] POST https://cloudfunctions.googleapis.com/v2/projects/reqs-tech/locations/us-central1/functions:generateUploadUrl [none]
[debug] [2025-12-21T19:46:08.229Z] <<< [apiv2][status] POST https://cloudfunctions.googleapis.com/v2/projects/reqs-tech/locations/us-central1/functions:generateUploadUrl 200
[debug] [2025-12-21T19:46:08.229Z] <<< [apiv2][body] POST https://cloudfunctions.googleapis.com/v2/projects/reqs-tech/locations/us-central1/functions:generateUploadUrl {"uploadUrl":"https://storage.googleapis.com/gcf-v2-uploads-416777413798.us-central1.cloudfunctions.appspot.com/01d492c8-caf0-4862-a75c-334462126d85.zip?GoogleAccessId=service-416777413798@gcf-admin-robot.iam.gserviceaccount.com&Expires=1766348168&Signature=paShUsYxPPhIYUlRPNNGRKTtiqXRq1cgNM1JZMT8J7azM5Jko68LWOWTnWGHVPBXRnVucsh8kUXLBDYi2lPC5Kwv6QYgDaWH6SLG3120q9rG6qyIvlq%2Fj8UXv3THJkHEOozFTqN407Oy7EDR%2BluWXh01Elz%2B2SnKAzwJKBhF0Iuh6%2BCjjwgo1U0LMa94y9DgGGGuXKnY%2B3BfhSUjU3BRXCDJ7N35A7HV3lCxxX69n%2FTKzgvPUliHBV8SPnXXXAmM9E9ZOIJqLsUOwRcGvdmNihsrgbdsyzEoLrdngjCS6gVuSvepiuUgpcEqet7w161Mh63UwrXPH7lpYTEz70CdiQ%3D%3D","storageSource":{"bucket":"gcf-v2-uploads-416777413798.us-central1.cloudfunctions.appspot.com","object":"01d492c8-caf0-4862-a75c-334462126d85.zip"}}
[debug] [2025-12-21T19:46:08.230Z] >>> [apiv2][query] PUT https://storage.googleapis.com/gcf-v2-uploads-416777413798.us-central1.cloudfunctions.appspot.com/01d492c8-caf0-4862-a75c-334462126d85.zip GoogleAccessId=service-416777413798%40gcf-admin-robot.iam.gserviceaccount.com&Expires=1766348168&Signature=paShUsYxPPhIYUlRPNNGRKTtiqXRq1cgNM1JZMT8J7azM5Jko68LWOWTnWGHVPBXRnVucsh8kUXLBDYi2lPC5Kwv6QYgDaWH6SLG3120q9rG6qyIvlq%2Fj8UXv3THJkHEOozFTqN407Oy7EDR%2BluWXh01Elz%2B2SnKAzwJKBhF0Iuh6%2BCjjwgo1U0LMa94y9DgGGGuXKnY%2B3BfhSUjU3BRXCDJ7N35A7HV3lCxxX69n%2FTKzgvPUliHBV8SPnXXXAmM9E9ZOIJqLsUOwRcGvdmNihsrgbdsyzEoLrdngjCS6gVuSvepiuUgpcEqet7w161Mh63UwrXPH7lpYTEz70CdiQ%3D%3D
[debug] [2025-12-21T19:46:08.231Z] >>> [apiv2][body] PUT https://storage.googleapis.com/gcf-v2-uploads-416777413798.us-central1.cloudfunctions.appspot.com/01d492c8-caf0-4862-a75c-334462126d85.zip [stream]
[debug] [2025-12-21T19:46:08.309Z] <<< [apiv2][status] PUT https://storage.googleapis.com/gcf-v2-uploads-416777413798.us-central1.cloudfunctions.appspot.com/01d492c8-caf0-4862-a75c-334462126d85.zip 200
[debug] [2025-12-21T19:46:08.309Z] <<< [apiv2][body] PUT https://storage.googleapis.com/gcf-v2-uploads-416777413798.us-central1.cloudfunctions.appspot.com/01d492c8-caf0-4862-a75c-334462126d85.zip [omitted]
[info] ✔  functions: functions source uploaded successfully 
[info] i  functions: creating Node.js 20 (2nd Gen) function handleServiceRequestCreate(us-central1)... 
[info] i  functions: creating Node.js 20 (2nd Gen) function handleRoleResponseCreate(us-central1)... 
[info] i  functions: updating Node.js 20 (2nd Gen) function contact(us-central1)... 
[info] i  functions: updating Node.js 20 (2nd Gen) function exportexistingdata(us-central1)... 
[debug] [2025-12-21T19:46:08.315Z] Checked if tokens are valid: true, expires at: 1766348521072
[debug] [2025-12-21T19:46:08.316Z] Checked if tokens are valid: true, expires at: 1766348521072
[debug] [2025-12-21T19:46:08.316Z] >>> [apiv2][query] POST https://cloudfunctions.googleapis.com/v2/projects/reqs-tech/locations/us-central1/functions functionId=handleServiceRequestCreate
[debug] [2025-12-21T19:46:08.316Z] >>> [apiv2][body] POST https://cloudfunctions.googleapis.com/v2/projects/reqs-tech/locations/us-central1/functions {"name":"projects/reqs-tech/locations/us-central1/functions/handleServiceRequestCreate","buildConfig":{"runtime":"nodejs20","entryPoint":"handleServiceRequestCreate","source":{"storageSource":{"bucket":"gcf-v2-uploads-416777413798.us-central1.cloudfunctions.appspot.com","object":"01d492c8-caf0-4862-a75c-334462126d85.zip"}},"environmentVariables":{"GOOGLE_NODE_RUN_SCRIPTS":""}},"serviceConfig":{"environmentVariables":{"FIREBASE_CONFIG":"{\"projectId\":\"reqs-tech\",\"storageBucket\":\"reqs-tech.firebasestorage.app\"}","GCLOUD_PROJECT":"reqs-tech","EVENTARC_CLOUD_EVENT_SOURCE":"projects/reqs-tech/locations/us-central1/services/handleServiceRequestCreate","FUNCTION_SIGNATURE_TYPE":"cloudevent","FUNCTION_TARGET":"handleServiceRequestCreate","LOG_EXECUTION_ID":"true"},"ingressSettings":null,"timeoutSeconds":null,"serviceAccountEmail":null,"availableMemory":"256Mi","minInstanceCount":null,"maxInstanceCount":null,"maxInstanceRequestConcurrency":80,"availableCpu":"1","vpcConnector":null,"vpcConnectorEgressSettings":null},"labels":{"deployment-tool":"cli-firebase--project-idx","firebase-functions-hash":"4a1a912661caca7a351411bb4c8f470dff9d3c66"},"eventTrigger":{"eventType":"google.cloud.firestore.document.v1.created","retryPolicy":"RETRY_POLICY_DO_NOT_RETRY","eventFilters":[{"attribute":"database","value":"(default)"},{"attribute":"namespace","value":"(default)"},{"attribute":"document","value":"serviceRequest/{docId}","operator":"match-path-pattern"}],"triggerRegion":"nam5"}}
[debug] [2025-12-21T19:46:09.160Z] <<< [apiv2][status] POST https://cloudfunctions.googleapis.com/v2/projects/reqs-tech/locations/us-central1/functions 200
[debug] [2025-12-21T19:46:09.160Z] <<< [apiv2][body] POST https://cloudfunctions.googleapis.com/v2/projects/reqs-tech/locations/us-central1/functions {"name":"projects/reqs-tech/locations/us-central1/operations/operation-1766346368353-6467b8fd6051f-1f678cd6-8324b982","metadata":{"@type":"type.googleapis.com/google.cloud.functions.v2.OperationMetadata","createTime":"2025-12-21T19:46:09.145043478Z","target":"projects/reqs-tech/locations/us-central1/functions/handleServiceRequestCreate","verb":"create","cancelRequested":false,"apiVersion":"v2"},"done":false}
[debug] [2025-12-21T19:46:09.161Z] Checked if tokens are valid: true, expires at: 1766348521072
[debug] [2025-12-21T19:46:09.162Z] Checked if tokens are valid: true, expires at: 1766348521072
[debug] [2025-12-21T19:46:09.162Z] >>> [apiv2][query] GET https://cloudfunctions.googleapis.com/v2/projects/reqs-tech/locations/us-central1/operations/operation-1766346368353-6467b8fd6051f-1f678cd6-8324b982 [none]
[debug] [2025-12-21T19:46:09.215Z] <<< [apiv2][status] GET https://cloudfunctions.googleapis.com/v2/projects/reqs-tech/locations/us-central1/operations/operation-1766346368353-6467b8fd6051f-1f678cd6-8324b982 200
[debug] [2025-12-21T19:46:09.215Z] <<< [apiv2][body] GET https://cloudfunctions.googleapis.com/v2/projects/reqs-tech/locations/us-central1/operations/operation-1766346368353-6467b8fd6051f-1f678cd6-8324b982 {"name":"projects/reqs-tech/locations/us-central1/operations/operation-1766346368353-6467b8fd6051f-1f678cd6-8324b982","metadata":{"@type":"type.googleapis.com/google.cloud.functions.v2.OperationMetadata","createTime":"2025-12-21T19:46:09.145043478Z","target":"projects/reqs-tech/locations/us-central1/functions/handleServiceRequestCreate","verb":"create","cancelRequested":false,"apiVersion":"v2"},"done":false}
[debug] [2025-12-21T19:46:09.716Z] [create-default-us-central1-handleServiceRequestCreate] Retrying task index 0
[debug] [2025-12-21T19:46:09.716Z] Checked if tokens are valid: true, expires at: 1766348521072
[debug] [2025-12-21T19:46:09.716Z] Checked if tokens are valid: true, expires at: 1766348521072
[debug] [2025-12-21T19:46:09.717Z] >>> [apiv2][query] GET https://cloudfunctions.googleapis.com/v2/projects/reqs-tech/locations/us-central1/operations/operation-1766346368353-6467b8fd6051f-1f678cd6-8324b982 [none]
[debug] [2025-12-21T19:46:09.736Z] <<< [apiv2][status] GET https://cloudfunctions.googleapis.com/v2/projects/reqs-tech/locations/us-central1/operations/operation-1766346368353-6467b8fd6051f-1f678cd6-8324b982 200
[debug] [2025-12-21T19:46:09.736Z] <<< [apiv2][body] GET https://cloudfunctions.googleapis.com/v2/projects/reqs-tech/locations/us-central1/operations/operation-1766346368353-6467b8fd6051f-1f678cd6-8324b982 {"name":"projects/reqs-tech/locations/us-central1/operations/operation-1766346368353-6467b8fd6051f-1f678cd6-8324b982","metadata":{"@type":"type.googleapis.com/google.cloud.functions.v2.OperationMetadata","createTime":"2025-12-21T19:46:09.145043478Z","target":"projects/reqs-tech/locations/us-central1/functions/handleServiceRequestCreate","verb":"create","cancelRequested":false,"apiVersion":"v2","requestResource":{"@type":"type.googleapis.com/google.cloud.functions.v2.Function","name":"projects/reqs-tech/locations/us-central1/functions/handleServiceRequestCreate","buildConfig":{"runtime":"nodejs20","entryPoint":"handleServiceRequestCreate","source":{"storageSource":{"bucket":"gcf-v2-sources-416777413798-us-central1","object":"handleServiceRequestCreate/function-source.zip","generation":"1766346368577282"}},"environmentVariables":{"GOOGLE_NODE_RUN_SCRIPTS":""},"serviceAccount":"projects/reqs-tech/serviceAccounts/416777413798-compute@developer.gserviceaccount.com","automaticUpdatePolicy":{}},"serviceConfig":{"service":"projects/reqs-tech/locations/us-central1/services/handleservicerequestcreate","timeoutSeconds":60,"environmentVariables":{"FIREBASE_CONFIG":"{\"projectId\":\"reqs-tech\",\"storageBucket\":\"reqs-tech.firebasestorage.app\"}","GCLOUD_PROJECT":"reqs-tech","EVENTARC_CLOUD_EVENT_SOURCE":"projects/reqs-tech/locations/us-central1/services/handleServiceRequestCreate","FUNCTION_SIGNATURE_TYPE":"cloudevent","FUNCTION_TARGET":"handleServiceRequestCreate","LOG_EXECUTION_ID":"true"},"ingressSettings":"ALLOW_ALL","serviceAccountEmail":"416777413798-compute@developer.gserviceaccount.com","availableMemory":"256Mi","maxInstanceRequestConcurrency":80,"availableCpu":"1"},"eventTrigger":{"trigger":"projects/reqs-tech/locations/nam5/triggers/handleservicerequestcreate-525683","triggerRegion":"nam5","eventType":"google.cloud.firestore.document.v1.created","eventFilters":[{"attribute":"database","value":"(default)"},{"attribute":"namespace","value":"(default)"},{"attribute":"document","value":"serviceRequest/{docId}","operator":"match-path-pattern"}],"serviceAccountEmail":"416777413798-compute@developer.gserviceaccount.com","retryPolicy":"RETRY_POLICY_DO_NOT_RETRY"},"labels":{"deployment-tool":"cli-firebase--project-idx","firebase-functions-hash":"4a1a912661caca7a351411bb4c8f470dff9d3c66"},"environment":"GEN_2"},"stages":[{"name":"BUILD","state":"NOT_STARTED"},{"name":"SERVICE","state":"NOT_STARTED"},{"name":"TRIGGER","state":"NOT_STARTED"}],"operationType":"CREATE_FUNCTION"},"done":false}
[debug] [2025-12-21T19:46:10.738Z] [create-default-us-central1-handleServiceRequestCreate] Retrying task index 0
[debug] [2025-12-21T19:46:10.738Z] Checked if tokens are valid: true, expires at: 1766348521072
[debug] [2025-12-21T19:46:10.738Z] Checked if tokens are valid: true, expires at: 1766348521072
[debug] [2025-12-21T19:46:10.739Z] >>> [apiv2][query] GET https://cloudfunctions.googleapis.com/v2/projects/reqs-tech/locations/us-central1/operations/operation-1766346368353-6467b8fd6051f-1f678cd6-8324b982 [none]
[debug] [2025-12-21T19:46:10.780Z] <<< [apiv2][status] GET https://cloudfunctions.googleapis.com/v2/projects/reqs-tech/locations/us-central1/operations/operation-1766346368353-6467b8fd6051f-1f678cd6-8324b982 200
[debug] [2025-12-21T19:46:10.780Z] <<< [apiv2][body] GET https://cloudfunctions.googleapis.com/v2/projects/reqs-tech/locations/us-central1/operations/operation-1766346368353-6467b8fd6051f-1f678cd6-8324b982 {"name":"projects/reqs-tech/locations/us-central1/operations/operation-1766346368353-6467b8fd6051f-1f678cd6-8324b982","metadata":{"@type":"type.googleapis.com/google.cloud.functions.v2.OperationMetadata","createTime":"2025-12-21T19:46:09.145043478Z","target":"projects/reqs-tech/locations/us-central1/functions/handleServiceRequestCreate","verb":"create","cancelRequested":false,"apiVersion":"v2","requestResource":{"@type":"type.googleapis.com/google.cloud.functions.v2.Function","name":"projects/reqs-tech/locations/us-central1/functions/handleServiceRequestCreate","buildConfig":{"runtime":"nodejs20","entryPoint":"handleServiceRequestCreate","source":{"storageSource":{"bucket":"gcf-v2-sources-416777413798-us-central1","object":"handleServiceRequestCreate/function-source.zip","generation":"1766346368577282"}},"environmentVariables":{"GOOGLE_NODE_RUN_SCRIPTS":""},"serviceAccount":"projects/reqs-tech/serviceAccounts/416777413798-compute@developer.gserviceaccount.com","automaticUpdatePolicy":{}},"serviceConfig":{"service":"projects/reqs-tech/locations/us-central1/services/handleservicerequestcreate","timeoutSeconds":60,"environmentVariables":{"FIREBASE_CONFIG":"{\"projectId\":\"reqs-tech\",\"storageBucket\":\"reqs-tech.firebasestorage.app\"}","GCLOUD_PROJECT":"reqs-tech","EVENTARC_CLOUD_EVENT_SOURCE":"projects/reqs-tech/locations/us-central1/services/handleServiceRequestCreate","FUNCTION_SIGNATURE_TYPE":"cloudevent","FUNCTION_TARGET":"handleServiceRequestCreate","LOG_EXECUTION_ID":"true"},"ingressSettings":"ALLOW_ALL","serviceAccountEmail":"416777413798-compute@developer.gserviceaccount.com","availableMemory":"256Mi","maxInstanceRequestConcurrency":80,"availableCpu":"1"},"eventTrigger":{"trigger":"projects/reqs-tech/locations/nam5/triggers/handleservicerequestcreate-525683","triggerRegion":"nam5","eventType":"google.cloud.firestore.document.v1.created","eventFilters":[{"attribute":"database","value":"(default)"},{"attribute":"namespace","value":"(default)"},{"attribute":"document","value":"serviceRequest/{docId}","operator":"match-path-pattern"}],"serviceAccountEmail":"416777413798-compute@developer.gserviceaccount.com","retryPolicy":"RETRY_POLICY_DO_NOT_RETRY"},"labels":{"deployment-tool":"cli-firebase--project-idx","firebase-functions-hash":"4a1a912661caca7a351411bb4c8f470dff9d3c66"},"environment":"GEN_2"},"stages":[{"name":"BUILD","message":"Build in progress","state":"IN_PROGRESS","resource":"projects/416777413798/locations/us-central1/builds/08c6e056-d3fc-4c9a-b206-c0fbcc4cfbca","resourceUri":"https://console.cloud.google.com/cloud-build/builds;region=us-central1/08c6e056-d3fc-4c9a-b206-c0fbcc4cfbca?project=416777413798"},{"name":"SERVICE","state":"NOT_STARTED"},{"name":"TRIGGER","state":"NOT_STARTED"}],"operationType":"CREATE_FUNCTION","buildName":"projects/416777413798/locations/us-central1/builds/08c6e056-d3fc-4c9a-b206-c0fbcc4cfbca"},"done":false}
[debug] [2025-12-21T19:46:12.781Z] [create-default-us-central1-handleServiceRequestCreate] Retrying task index 0
[debug] [2025-12-21T19:46:12.781Z] Checked if tokens are valid: true, expires at: 1766348521072
[debug] [2025-12-21T19:46:12.781Z] Checked if tokens are valid: true, expires at: 1766348521072
[debug] [2025-12-21T19:46:12.781Z] >>> [apiv2][query] GET https://cloudfunctions.googleapis.com/v2/projects/reqs-tech/locations/us-central1/operations/operation-1766346368353-6467b8fd6051f-1f678cd6-8324b982 [none]
[debug] [2025-12-21T19:46:12.798Z] <<< [apiv2][status] GET https://cloudfunctions.googleapis.com/v2/projects/reqs-tech/locations/us-central1/operations/operation-1766346368353-6467b8fd6051f-1f678cd6-8324b982 200
[debug] [2025-12-21T19:46:12.798Z] <<< [apiv2][body] GET https://cloudfunctions.googleapis.com/v2/projects/reqs-tech/locations/us-central1/operations/operation-1766346368353-6467b8fd6051f-1f678cd6-8324b982 {"name":"projects/reqs-tech/locations/us-central1/operations/operation-1766346368353-6467b8fd6051f-1f678cd6-8324b982","metadata":{"@type":"type.googleapis.com/google.cloud.functions.v2.OperationMetadata","createTime":"2025-12-21T19:46:09.145043478Z","target":"projects/reqs-tech/locations/us-central1/functions/handleServiceRequestCreate","verb":"create","cancelRequested":false,"apiVersion":"v2","requestResource":{"@type":"type.googleapis.com/google.cloud.functions.v2.Function","name":"projects/reqs-tech/locations/us-central1/functions/handleServiceRequestCreate","buildConfig":{"runtime":"nodejs20","entryPoint":"handleServiceRequestCreate","source":{"storageSource":{"bucket":"gcf-v2-sources-416777413798-us-central1","object":"handleServiceRequestCreate/function-source.zip","generation":"1766346368577282"}},"environmentVariables":{"GOOGLE_NODE_RUN_SCRIPTS":""},"serviceAccount":"projects/reqs-tech/serviceAccounts/416777413798-compute@developer.gserviceaccount.com","automaticUpdatePolicy":{}},"serviceConfig":{"service":"projects/reqs-tech/locations/us-central1/services/handleservicerequestcreate","timeoutSeconds":60,"environmentVariables":{"FIREBASE_CONFIG":"{\"projectId\":\"reqs-tech\",\"storageBucket\":\"reqs-tech.firebasestorage.app\"}","GCLOUD_PROJECT":"reqs-tech","EVENTARC_CLOUD_EVENT_SOURCE":"projects/reqs-tech/locations/us-central1/services/handleServiceRequestCreate","FUNCTION_SIGNATURE_TYPE":"cloudevent","FUNCTION_TARGET":"handleServiceRequestCreate","LOG_EXECUTION_ID":"true"},"ingressSettings":"ALLOW_ALL","serviceAccountEmail":"416777413798-compute@developer.gserviceaccount.com","availableMemory":"256Mi","maxInstanceRequestConcurrency":80,"availableCpu":"1"},"eventTrigger":{"trigger":"projects/reqs-tech/locations/nam5/triggers/handleservicerequestcreate-525683","triggerRegion":"nam5","eventType":"google.cloud.firestore.document.v1.created","eventFilters":[{"attribute":"database","value":"(default)"},{"attribute":"namespace","value":"(default)"},{"attribute":"document","value":"serviceRequest/{docId}","operator":"match-path-pattern"}],"serviceAccountEmail":"416777413798-compute@developer.gserviceaccount.com","retryPolicy":"RETRY_POLICY_DO_NOT_RETRY"},"labels":{"deployment-tool":"cli-firebase--project-idx","firebase-functions-hash":"4a1a912661caca7a351411bb4c8f470dff9d3c66"},"environment":"GEN_2"},"stages":[{"name":"BUILD","message":"Build in progress","state":"IN_PROGRESS","resource":"projects/416777413798/locations/us-central1/builds/08c6e056-d3fc-4c9a-b206-c0fbcc4cfbca","resourceUri":"https://console.cloud.google.com/cloud-build/builds;region=us-central1/08c6e056-d3fc-4c9a-b206-c0fbcc4cfbca?project=416777413798"},{"name":"SERVICE","state":"NOT_STARTED"},{"name":"TRIGGER","state":"NOT_STARTED"}],"operationType":"CREATE_FUNCTION","buildName":"projects/416777413798/locations/us-central1/builds/08c6e056-d3fc-4c9a-b206-c0fbcc4cfbca"},"done":false}
[debug] [2025-12-21T19:46:16.800Z] [create-default-us-central1-handleServiceRequestCreate] Retrying task index 0
[debug] [2025-12-21T19:46:16.800Z] Checked if tokens are valid: true, expires at: 1766348521072
[debug] [2025-12-21T19:46:16.800Z] Checked if tokens are valid: true, expires at: 1766348521072
[debug] [2025-12-21T19:46:16.800Z] >>> [apiv2][query] GET https://cloudfunctions.googleapis.com/v2/projects/reqs-tech/locations/us-central1/operations/operation-1766346368353-6467b8fd6051f-1f678cd6-8324b982 [none]
[debug] [2025-12-21T19:46:16.826Z] <<< [apiv2][status] GET https://cloudfunctions.googleapis.com/v2/projects/reqs-tech/locations/us-central1/operations/operation-1766346368353-6467b8fd6051f-1f678cd6-8324b982 200
[debug] [2025-12-21T19:46:16.826Z] <<< [apiv2][body] GET https://cloudfunctions.googleapis.com/v2/projects/reqs-tech/locations/us-central1/operations/operation-1766346368353-6467b8fd6051f-1f678cd6-8324b982 {"name":"projects/reqs-tech/locations/us-central1/operations/operation-1766346368353-6467b8fd6051f-1f678cd6-8324b982","metadata":{"@type":"type.googleapis.com/google.cloud.functions.v2.OperationMetadata","createTime":"2025-12-21T19:46:09.145043478Z","target":"projects/reqs-tech/locations/us-central1/functions/handleServiceRequestCreate","verb":"create","cancelRequested":false,"apiVersion":"v2","requestResource":{"@type":"type.googleapis.com/google.cloud.functions.v2.Function","name":"projects/reqs-tech/locations/us-central1/functions/handleServiceRequestCreate","buildConfig":{"runtime":"nodejs20","entryPoint":"handleServiceRequestCreate","source":{"storageSource":{"bucket":"gcf-v2-sources-416777413798-us-central1","object":"handleServiceRequestCreate/function-source.zip","generation":"1766346368577282"}},"environmentVariables":{"GOOGLE_NODE_RUN_SCRIPTS":""},"serviceAccount":"projects/reqs-tech/serviceAccounts/416777413798-compute@developer.gserviceaccount.com","automaticUpdatePolicy":{}},"serviceConfig":{"service":"projects/reqs-tech/locations/us-central1/services/handleservicerequestcreate","timeoutSeconds":60,"environmentVariables":{"FIREBASE_CONFIG":"{\"projectId\":\"reqs-tech\",\"storageBucket\":\"reqs-tech.firebasestorage.app\"}","GCLOUD_PROJECT":"reqs-tech","EVENTARC_CLOUD_EVENT_SOURCE":"projects/reqs-tech/locations/us-central1/services/handleServiceRequestCreate","FUNCTION_SIGNATURE_TYPE":"cloudevent","FUNCTION_TARGET":"handleServiceRequestCreate","LOG_EXECUTION_ID":"true"},"ingressSettings":"ALLOW_ALL","serviceAccountEmail":"416777413798-compute@developer.gserviceaccount.com","availableMemory":"256Mi","maxInstanceRequestConcurrency":80,"availableCpu":"1"},"eventTrigger":{"trigger":"projects/reqs-tech/locations/nam5/triggers/handleservicerequestcreate-525683","triggerRegion":"nam5","eventType":"google.cloud.firestore.document.v1.created","eventFilters":[{"attribute":"database","value":"(default)"},{"attribute":"namespace","value":"(default)"},{"attribute":"document","value":"serviceRequest/{docId}","operator":"match-path-pattern"}],"serviceAccountEmail":"416777413798-compute@developer.gserviceaccount.com","retryPolicy":"RETRY_POLICY_DO_NOT_RETRY"},"labels":{"deployment-tool":"cli-firebase--project-idx","firebase-functions-hash":"4a1a912661caca7a351411bb4c8f470dff9d3c66"},"environment":"GEN_2"},"stages":[{"name":"BUILD","message":"Build in progress","state":"IN_PROGRESS","resource":"projects/416777413798/locations/us-central1/builds/08c6e056-d3fc-4c9a-b206-c0fbcc4cfbca","resourceUri":"https://console.cloud.google.com/cloud-build/builds;region=us-central1/08c6e056-d3fc-4c9a-b206-c0fbcc4cfbca?project=416777413798"},{"name":"SERVICE","state":"NOT_STARTED"},{"name":"TRIGGER","state":"NOT_STARTED"}],"operationType":"CREATE_FUNCTION","buildName":"projects/416777413798/locations/us-central1/builds/08c6e056-d3fc-4c9a-b206-c0fbcc4cfbca"},"done":false}
[debug] [2025-12-21T19:46:24.829Z] [create-default-us-central1-handleServiceRequestCreate] Retrying task index 0
[debug] [2025-12-21T19:46:24.830Z] Checked if tokens are valid: true, expires at: 1766348521072
[debug] [2025-12-21T19:46:24.830Z] Checked if tokens are valid: true, expires at: 1766348521072
[debug] [2025-12-21T19:46:24.830Z] >>> [apiv2][query] GET https://cloudfunctions.googleapis.com/v2/projects/reqs-tech/locations/us-central1/operations/operation-1766346368353-6467b8fd6051f-1f678cd6-8324b982 [none]
[debug] [2025-12-21T19:46:24.884Z] <<< [apiv2][status] GET https://cloudfunctions.googleapis.com/v2/projects/reqs-tech/locations/us-central1/operations/operation-1766346368353-6467b8fd6051f-1f678cd6-8324b982 200
[debug] [2025-12-21T19:46:24.884Z] <<< [apiv2][body] GET https://cloudfunctions.googleapis.com/v2/projects/reqs-tech/locations/us-central1/operations/operation-1766346368353-6467b8fd6051f-1f678cd6-8324b982 {"name":"projects/reqs-tech/locations/us-central1/operations/operation-1766346368353-6467b8fd6051f-1f678cd6-8324b982","metadata":{"@type":"type.googleapis.com/google.cloud.functions.v2.OperationMetadata","createTime":"2025-12-21T19:46:09.145043478Z","target":"projects/reqs-tech/locations/us-central1/functions/handleServiceRequestCreate","verb":"create","cancelRequested":false,"apiVersion":"v2","requestResource":{"@type":"type.googleapis.com/google.cloud.functions.v2.Function","name":"projects/reqs-tech/locations/us-central1/functions/handleServiceRequestCreate","buildConfig":{"runtime":"nodejs20","entryPoint":"handleServiceRequestCreate","source":{"storageSource":{"bucket":"gcf-v2-sources-416777413798-us-central1","object":"handleServiceRequestCreate/function-source.zip","generation":"1766346368577282"}},"environmentVariables":{"GOOGLE_NODE_RUN_SCRIPTS":""},"serviceAccount":"projects/reqs-tech/serviceAccounts/416777413798-compute@developer.gserviceaccount.com","automaticUpdatePolicy":{}},"serviceConfig":{"service":"projects/reqs-tech/locations/us-central1/services/handleservicerequestcreate","timeoutSeconds":60,"environmentVariables":{"FIREBASE_CONFIG":"{\"projectId\":\"reqs-tech\",\"storageBucket\":\"reqs-tech.firebasestorage.app\"}","GCLOUD_PROJECT":"reqs-tech","EVENTARC_CLOUD_EVENT_SOURCE":"projects/reqs-tech/locations/us-central1/services/handleServiceRequestCreate","FUNCTION_SIGNATURE_TYPE":"cloudevent","FUNCTION_TARGET":"handleServiceRequestCreate","LOG_EXECUTION_ID":"true"},"ingressSettings":"ALLOW_ALL","serviceAccountEmail":"416777413798-compute@developer.gserviceaccount.com","availableMemory":"256Mi","maxInstanceRequestConcurrency":80,"availableCpu":"1"},"eventTrigger":{"trigger":"projects/reqs-tech/locations/nam5/triggers/handleservicerequestcreate-525683","triggerRegion":"nam5","eventType":"google.cloud.firestore.document.v1.created","eventFilters":[{"attribute":"database","value":"(default)"},{"attribute":"namespace","value":"(default)"},{"attribute":"document","value":"serviceRequest/{docId}","operator":"match-path-pattern"}],"serviceAccountEmail":"416777413798-compute@developer.gserviceaccount.com","retryPolicy":"RETRY_POLICY_DO_NOT_RETRY"},"labels":{"deployment-tool":"cli-firebase--project-idx","firebase-functions-hash":"4a1a912661caca7a351411bb4c8f470dff9d3c66"},"environment":"GEN_2"},"stages":[{"name":"BUILD","message":"Build in progress","state":"IN_PROGRESS","resource":"projects/416777413798/locations/us-central1/builds/08c6e056-d3fc-4c9a-b206-c0fbcc4cfbca","resourceUri":"https://console.cloud.google.com/cloud-build/builds;region=us-central1/08c6e056-d3fc-4c9a-b206-c0fbcc4cfbca?project=416777413798"},{"name":"SERVICE","state":"NOT_STARTED"},{"name":"TRIGGER","state":"NOT_STARTED"}],"operationType":"CREATE_FUNCTION","buildName":"projects/416777413798/locations/us-central1/builds/08c6e056-d3fc-4c9a-b206-c0fbcc4cfbca"},"done":false}
[debug] [2025-12-21T19:46:34.890Z] [create-default-us-central1-handleServiceRequestCreate] Retrying task index 0
[debug] [2025-12-21T19:46:34.891Z] Checked if tokens are valid: true, expires at: 1766348521072
[debug] [2025-12-21T19:46:34.891Z] Checked if tokens are valid: true, expires at: 1766348521072
[debug] [2025-12-21T19:46:34.891Z] >>> [apiv2][query] GET https://cloudfunctions.googleapis.com/v2/projects/reqs-tech/locations/us-central1/operations/operation-1766346368353-6467b8fd6051f-1f678cd6-8324b982 [none]
[debug] [2025-12-21T19:46:34.914Z] <<< [apiv2][status] GET https://cloudfunctions.googleapis.com/v2/projects/reqs-tech/locations/us-central1/operations/operation-1766346368353-6467b8fd6051f-1f678cd6-8324b982 200
[debug] [2025-12-21T19:46:34.914Z] <<< [apiv2][body] GET https://cloudfunctions.googleapis.com/v2/projects/reqs-tech/locations/us-central1/operations/operation-1766346368353-6467b8fd6051f-1f678cd6-8324b982 {"name":"projects/reqs-tech/locations/us-central1/operations/operation-1766346368353-6467b8fd6051f-1f678cd6-8324b982","metadata":{"@type":"type.googleapis.com/google.cloud.functions.v2.OperationMetadata","createTime":"2025-12-21T19:46:09.145043478Z","target":"projects/reqs-tech/locations/us-central1/functions/handleServiceRequestCreate","verb":"create","cancelRequested":false,"apiVersion":"v2","requestResource":{"@type":"type.googleapis.com/google.cloud.functions.v2.Function","name":"projects/reqs-tech/locations/us-central1/functions/handleServiceRequestCreate","buildConfig":{"runtime":"nodejs20","entryPoint":"handleServiceRequestCreate","source":{"storageSource":{"bucket":"gcf-v2-sources-416777413798-us-central1","object":"handleServiceRequestCreate/function-source.zip","generation":"1766346368577282"}},"environmentVariables":{"GOOGLE_NODE_RUN_SCRIPTS":""},"serviceAccount":"projects/reqs-tech/serviceAccounts/416777413798-compute@developer.gserviceaccount.com","automaticUpdatePolicy":{}},"serviceConfig":{"service":"projects/reqs-tech/locations/us-central1/services/handleservicerequestcreate","timeoutSeconds":60,"environmentVariables":{"FIREBASE_CONFIG":"{\"projectId\":\"reqs-tech\",\"storageBucket\":\"reqs-tech.firebasestorage.app\"}","GCLOUD_PROJECT":"reqs-tech","EVENTARC_CLOUD_EVENT_SOURCE":"projects/reqs-tech/locations/us-central1/services/handleServiceRequestCreate","FUNCTION_SIGNATURE_TYPE":"cloudevent","FUNCTION_TARGET":"handleServiceRequestCreate","LOG_EXECUTION_ID":"true"},"ingressSettings":"ALLOW_ALL","serviceAccountEmail":"416777413798-compute@developer.gserviceaccount.com","availableMemory":"256Mi","maxInstanceRequestConcurrency":80,"availableCpu":"1"},"eventTrigger":{"trigger":"projects/reqs-tech/locations/nam5/triggers/handleservicerequestcreate-525683","triggerRegion":"nam5","eventType":"google.cloud.firestore.document.v1.created","eventFilters":[{"attribute":"database","value":"(default)"},{"attribute":"namespace","value":"(default)"},{"attribute":"document","value":"serviceRequest/{docId}","operator":"match-path-pattern"}],"serviceAccountEmail":"416777413798-compute@developer.gserviceaccount.com","retryPolicy":"RETRY_POLICY_DO_NOT_RETRY"},"labels":{"deployment-tool":"cli-firebase--project-idx","firebase-functions-hash":"4a1a912661caca7a351411bb4c8f470dff9d3c66"},"environment":"GEN_2"},"stages":[{"name":"BUILD","message":"Build in progress","state":"IN_PROGRESS","resource":"projects/416777413798/locations/us-central1/builds/08c6e056-d3fc-4c9a-b206-c0fbcc4cfbca","resourceUri":"https://console.cloud.google.com/cloud-build/builds;region=us-central1/08c6e056-d3fc-4c9a-b206-c0fbcc4cfbca?project=416777413798"},{"name":"SERVICE","state":"NOT_STARTED"},{"name":"TRIGGER","state":"NOT_STARTED"}],"operationType":"CREATE_FUNCTION","buildName":"projects/416777413798/locations/us-central1/builds/08c6e056-d3fc-4c9a-b206-c0fbcc4cfbca"},"done":false}
[debug] [2025-12-21T19:46:44.920Z] [create-default-us-central1-handleServiceRequestCreate] Retrying task index 0
[debug] [2025-12-21T19:46:44.920Z] Checked if tokens are valid: true, expires at: 1766348521072
[debug] [2025-12-21T19:46:44.920Z] Checked if tokens are valid: true, expires at: 1766348521072
[debug] [2025-12-21T19:46:44.921Z] >>> [apiv2][query] GET https://cloudfunctions.googleapis.com/v2/projects/reqs-tech/locations/us-central1/operations/operation-1766346368353-6467b8fd6051f-1f678cd6-8324b982 [none]
[debug] [2025-12-21T19:46:44.950Z] <<< [apiv2][status] GET https://cloudfunctions.googleapis.com/v2/projects/reqs-tech/locations/us-central1/operations/operation-1766346368353-6467b8fd6051f-1f678cd6-8324b982 200
[debug] [2025-12-21T19:46:44.950Z] <<< [apiv2][body] GET https://cloudfunctions.googleapis.com/v2/projects/reqs-tech/locations/us-central1/operations/operation-1766346368353-6467b8fd6051f-1f678cd6-8324b982 {"name":"projects/reqs-tech/locations/us-central1/operations/operation-1766346368353-6467b8fd6051f-1f678cd6-8324b982","metadata":{"@type":"type.googleapis.com/google.cloud.functions.v2.OperationMetadata","createTime":"2025-12-21T19:46:09.145043478Z","endTime":"2025-12-21T19:46:41.105144207Z","target":"projects/reqs-tech/locations/us-central1/functions/handleServiceRequestCreate","verb":"create","cancelRequested":false,"apiVersion":"v2","requestResource":{"@type":"type.googleapis.com/google.cloud.functions.v2.Function","name":"projects/reqs-tech/locations/us-central1/functions/handleServiceRequestCreate","buildConfig":{"runtime":"nodejs20","entryPoint":"handleServiceRequestCreate","source":{"storageSource":{"bucket":"gcf-v2-sources-416777413798-us-central1","object":"handleServiceRequestCreate/function-source.zip","generation":"1766346368577282"}},"environmentVariables":{"GOOGLE_NODE_RUN_SCRIPTS":""},"serviceAccount":"projects/reqs-tech/serviceAccounts/416777413798-compute@developer.gserviceaccount.com","automaticUpdatePolicy":{}},"serviceConfig":{"service":"projects/reqs-tech/locations/us-central1/services/handleservicerequestcreate","timeoutSeconds":60,"environmentVariables":{"FIREBASE_CONFIG":"{\"projectId\":\"reqs-tech\",\"storageBucket\":\"reqs-tech.firebasestorage.app\"}","GCLOUD_PROJECT":"reqs-tech","EVENTARC_CLOUD_EVENT_SOURCE":"projects/reqs-tech/locations/us-central1/services/handleServiceRequestCreate","FUNCTION_SIGNATURE_TYPE":"cloudevent","FUNCTION_TARGET":"handleServiceRequestCreate","LOG_EXECUTION_ID":"true"},"ingressSettings":"ALLOW_ALL","serviceAccountEmail":"416777413798-compute@developer.gserviceaccount.com","availableMemory":"256Mi","maxInstanceRequestConcurrency":80,"availableCpu":"1"},"eventTrigger":{"trigger":"projects/reqs-tech/locations/nam5/triggers/handleservicerequestcreate-525683","triggerRegion":"nam5","eventType":"google.cloud.firestore.document.v1.created","eventFilters":[{"attribute":"database","value":"(default)"},{"attribute":"namespace","value":"(default)"},{"attribute":"document","value":"serviceRequest/{docId}","operator":"match-path-pattern"}],"serviceAccountEmail":"416777413798-compute@developer.gserviceaccount.com","retryPolicy":"RETRY_POLICY_DO_NOT_RETRY"},"labels":{"deployment-tool":"cli-firebase--project-idx","firebase-functions-hash":"4a1a912661caca7a351411bb4c8f470dff9d3c66"},"environment":"GEN_2"},"stages":[{"name":"ARTIFACT_REGISTRY","message":"Deleting function artifacts in Artifact Registry","state":"COMPLETE"},{"name":"SERVICE","message":"Deleting Cloud Run service","state":"COMPLETE","resource":"projects/reqs-tech/locations/us-central1/services/handleservicerequestcreate"},{"name":"TRIGGER","message":"Deleting Eventarc trigger","state":"COMPLETE","resource":"projects/reqs-tech/locations/nam5/triggers/handleservicerequestcreate-525683"}],"operationType":"CREATE_FUNCTION"},"done":true,"error":{"code":3,"message":"Build failed with status: FAILURE. Could not build the function due to a missing permission on the build service account. If you didn't revoke that permission explicitly, this could be caused by a change in the organization policies. Please refer to the following documentation for more details and resolution: https://cloud.google.com/functions/docs/troubleshooting#build-service-account\n You can also view the logs at https://console.cloud.google.com/cloud-build/builds;region=us-central1/08c6e056-d3fc-4c9a-b206-c0fbcc4cfbca?project=416777413798.\n"}}
[debug] [2025-12-21T19:46:44.950Z] Got source token undefined for region us-central1
[debug] [2025-12-21T19:46:44.950Z] Checked if tokens are valid: true, expires at: 1766348521072
[debug] [2025-12-21T19:46:44.950Z] Checked if tokens are valid: true, expires at: 1766348521072
[debug] [2025-12-21T19:46:44.951Z] Checked if tokens are valid: true, expires at: 1766348521072
[debug] [2025-12-21T19:46:44.951Z] Checked if tokens are valid: true, expires at: 1766348521072
[debug] [2025-12-21T19:46:44.951Z] Checked if tokens are valid: true, expires at: 1766348521072
[debug] [2025-12-21T19:46:44.951Z] Checked if tokens are valid: true, expires at: 1766348521072
[debug] [2025-12-21T19:46:44.951Z] >>> [apiv2][query] POST https://cloudfunctions.googleapis.com/v2/projects/reqs-tech/locations/us-central1/functions functionId=handleRoleResponseCreate
[debug] [2025-12-21T19:46:44.952Z] >>> [apiv2][body] POST https://cloudfunctions.googleapis.com/v2/projects/reqs-tech/locations/us-central1/functions {"name":"projects/reqs-tech/locations/us-central1/functions/handleRoleResponseCreate","buildConfig":{"runtime":"nodejs20","entryPoint":"handleRoleResponseCreate","source":{"storageSource":{"bucket":"gcf-v2-uploads-416777413798.us-central1.cloudfunctions.appspot.com","object":"01d492c8-caf0-4862-a75c-334462126d85.zip"}},"environmentVariables":{"GOOGLE_NODE_RUN_SCRIPTS":""}},"serviceConfig":{"environmentVariables":{"FIREBASE_CONFIG":"{\"projectId\":\"reqs-tech\",\"storageBucket\":\"reqs-tech.firebasestorage.app\"}","GCLOUD_PROJECT":"reqs-tech","EVENTARC_CLOUD_EVENT_SOURCE":"projects/reqs-tech/locations/us-central1/services/handleRoleResponseCreate","FUNCTION_SIGNATURE_TYPE":"cloudevent","FUNCTION_TARGET":"handleRoleResponseCreate","LOG_EXECUTION_ID":"true"},"ingressSettings":null,"timeoutSeconds":null,"serviceAccountEmail":null,"availableMemory":"256Mi","minInstanceCount":null,"maxInstanceCount":null,"maxInstanceRequestConcurrency":80,"availableCpu":"1","vpcConnector":null,"vpcConnectorEgressSettings":null},"labels":{"deployment-tool":"cli-firebase--project-idx","firebase-functions-hash":"4a1a912661caca7a351411bb4c8f470dff9d3c66"},"eventTrigger":{"eventType":"google.cloud.firestore.document.v1.created","retryPolicy":"RETRY_POLICY_DO_NOT_RETRY","eventFilters":[{"attribute":"database","value":"(default)"},{"attribute":"namespace","value":"(default)"},{"attribute":"document","value":"roleResponse/{docId}","operator":"match-path-pattern"}],"triggerRegion":"nam5"}}
[debug] [2025-12-21T19:46:44.952Z] >>> [apiv2][query] PATCH https://cloudfunctions.googleapis.com/v2/projects/reqs-tech/locations/us-central1/functions/contact updateMask=name%2CbuildConfig.runtime%2CbuildConfig.entryPoint%2CbuildConfig.source.storageSource.bucket%2CbuildConfig.source.storageSource.object%2CbuildConfig.environmentVariables%2CbuildConfig.sourceToken%2CserviceConfig.environmentVariables%2CserviceConfig.ingressSettings%2CserviceConfig.timeoutSeconds%2CserviceConfig.serviceAccountEmail%2CserviceConfig.availableMemory%2CserviceConfig.minInstanceCount%2CserviceConfig.maxInstanceCount%2CserviceConfig.maxInstanceRequestConcurrency%2CserviceConfig.availableCpu%2CserviceConfig.vpcConnector%2CserviceConfig.vpcConnectorEgressSettings%2Clabels
[debug] [2025-12-21T19:46:44.952Z] >>> [apiv2][body] PATCH https://cloudfunctions.googleapis.com/v2/projects/reqs-tech/locations/us-central1/functions/contact {"name":"projects/reqs-tech/locations/us-central1/functions/contact","buildConfig":{"runtime":"nodejs20","entryPoint":"contact","source":{"storageSource":{"bucket":"gcf-v2-uploads-416777413798.us-central1.cloudfunctions.appspot.com","object":"01d492c8-caf0-4862-a75c-334462126d85.zip"}},"environmentVariables":{"GOOGLE_NODE_RUN_SCRIPTS":""}},"serviceConfig":{"environmentVariables":{"FIREBASE_CONFIG":"{\"projectId\":\"reqs-tech\",\"storageBucket\":\"reqs-tech.firebasestorage.app\"}","GCLOUD_PROJECT":"reqs-tech","EVENTARC_CLOUD_EVENT_SOURCE":"projects/reqs-tech/locations/us-central1/services/contact","FUNCTION_TARGET":"contact","LOG_EXECUTION_ID":"true"},"ingressSettings":null,"timeoutSeconds":null,"serviceAccountEmail":null,"availableMemory":"256Mi","minInstanceCount":null,"maxInstanceCount":5,"maxInstanceRequestConcurrency":80,"availableCpu":"1","vpcConnector":null,"vpcConnectorEgressSettings":null},"labels":{"deployment-tool":"cli-firebase--project-idx","firebase-functions-hash":"4a1a912661caca7a351411bb4c8f470dff9d3c66"}}
[debug] [2025-12-21T19:46:44.953Z] >>> [apiv2][query] PATCH https://cloudfunctions.googleapis.com/v2/projects/reqs-tech/locations/us-central1/functions/exportexistingdata updateMask=name%2CbuildConfig.runtime%2CbuildConfig.entryPoint%2CbuildConfig.source.storageSource.bucket%2CbuildConfig.source.storageSource.object%2CbuildConfig.environmentVariables%2CbuildConfig.sourceToken%2CserviceConfig.environmentVariables%2CserviceConfig.ingressSettings%2CserviceConfig.timeoutSeconds%2CserviceConfig.serviceAccountEmail%2CserviceConfig.availableMemory%2CserviceConfig.minInstanceCount%2CserviceConfig.maxInstanceCount%2CserviceConfig.maxInstanceRequestConcurrency%2CserviceConfig.availableCpu%2CserviceConfig.vpcConnector%2CserviceConfig.vpcConnectorEgressSettings%2Clabels
[debug] [2025-12-21T19:46:44.953Z] >>> [apiv2][body] PATCH https://cloudfunctions.googleapis.com/v2/projects/reqs-tech/locations/us-central1/functions/exportexistingdata {"name":"projects/reqs-tech/locations/us-central1/functions/exportexistingdata","buildConfig":{"runtime":"nodejs20","entryPoint":"exportexistingdata","source":{"storageSource":{"bucket":"gcf-v2-uploads-416777413798.us-central1.cloudfunctions.appspot.com","object":"01d492c8-caf0-4862-a75c-334462126d85.zip"}},"environmentVariables":{"GOOGLE_NODE_RUN_SCRIPTS":""}},"serviceConfig":{"environmentVariables":{"FIREBASE_CONFIG":"{\"projectId\":\"reqs-tech\",\"storageBucket\":\"reqs-tech.firebasestorage.app\"}","GCLOUD_PROJECT":"reqs-tech","EVENTARC_CLOUD_EVENT_SOURCE":"projects/reqs-tech/locations/us-central1/services/exportexistingdata","FUNCTION_TARGET":"exportexistingdata","LOG_EXECUTION_ID":"true"},"ingressSettings":null,"timeoutSeconds":null,"serviceAccountEmail":null,"availableMemory":"256Mi","minInstanceCount":null,"maxInstanceCount":null,"maxInstanceRequestConcurrency":80,"availableCpu":"1","vpcConnector":null,"vpcConnectorEgressSettings":null},"labels":{"deployment-tool":"cli-firebase--project-idx","firebase-functions-hash":"4a1a912661caca7a351411bb4c8f470dff9d3c66"}}
[error] Build failed with status: FAILURE. Could not build the function due to a missing permission on the build service account. If you didn't revoke that permission explicitly, this could be caused by a change in the organization policies. Please refer to the following documentation for more details and resolution: https://cloud.google.com/functions/docs/troubleshooting#build-service-account
 You can also view the logs at https://console.cloud.google.com/cloud-build/builds;region=us-central1/08c6e056-d3fc-4c9a-b206-c0fbcc4cfbca?project=416777413798.

[debug] [2025-12-21T19:46:45.717Z] <<< [apiv2][status] PATCH https://cloudfunctions.googleapis.com/v2/projects/reqs-tech/locations/us-central1/functions/exportexistingdata 200
[debug] [2025-12-21T19:46:45.717Z] <<< [apiv2][body] PATCH https://cloudfunctions.googleapis.com/v2/projects/reqs-tech/locations/us-central1/functions/exportexistingdata {"name":"projects/reqs-tech/locations/us-central1/operations/operation-1766346405009-6467b92055933-e60b63ae-eef0c23a","metadata":{"@type":"type.googleapis.com/google.cloud.functions.v2.OperationMetadata","createTime":"2025-12-21T19:46:45.703668343Z","target":"projects/reqs-tech/locations/us-central1/functions/exportexistingdata","verb":"update","cancelRequested":false,"apiVersion":"v2"},"done":false}
[debug] [2025-12-21T19:46:45.717Z] Checked if tokens are valid: true, expires at: 1766348521072
[debug] [2025-12-21T19:46:45.717Z] Checked if tokens are valid: true, expires at: 1766348521072
[debug] [2025-12-21T19:46:45.717Z] >>> [apiv2][query] GET https://cloudfunctions.googleapis.com/v2/projects/reqs-tech/locations/us-central1/operations/operation-1766346405009-6467b92055933-e60b63ae-eef0c23a [none]
[debug] [2025-12-21T19:46:45.739Z] <<< [apiv2][status] GET https://cloudfunctions.googleapis.com/v2/projects/reqs-tech/locations/us-central1/operations/operation-1766346405009-6467b92055933-e60b63ae-eef0c23a 200
[debug] [2025-12-21T19:46:45.739Z] <<< [apiv2][body] GET https://cloudfunctions.googleapis.com/v2/projects/reqs-tech/locations/us-central1/operations/operation-1766346405009-6467b92055933-e60b63ae-eef0c23a {"name":"projects/reqs-tech/locations/us-central1/operations/operation-1766346405009-6467b92055933-e60b63ae-eef0c23a","metadata":{"@type":"type.googleapis.com/google.cloud.functions.v2.OperationMetadata","createTime":"2025-12-21T19:46:45.703668343Z","target":"projects/reqs-tech/locations/us-central1/functions/exportexistingdata","verb":"update","cancelRequested":false,"apiVersion":"v2"},"done":false}
[debug] [2025-12-21T19:46:45.740Z] <<< [apiv2][status] PATCH https://cloudfunctions.googleapis.com/v2/projects/reqs-tech/locations/us-central1/functions/contact 200
[debug] [2025-12-21T19:46:45.740Z] <<< [apiv2][body] PATCH https://cloudfunctions.googleapis.com/v2/projects/reqs-tech/locations/us-central1/functions/contact {"name":"projects/reqs-tech/locations/us-central1/operations/operation-1766346405031-6467b9205afbd-abc2c92b-da343742","metadata":{"@type":"type.googleapis.com/google.cloud.functions.v2.OperationMetadata","createTime":"2025-12-21T19:46:45.722930199Z","target":"projects/reqs-tech/locations/us-central1/functions/contact","verb":"update","cancelRequested":false,"apiVersion":"v2"},"done":false}
[debug] [2025-12-21T19:46:45.740Z] Checked if tokens are valid: true, expires at: 1766348521072
[debug] [2025-12-21T19:46:45.740Z] Checked if tokens are valid: true, expires at: 1766348521072
[debug] [2025-12-21T19:46:45.740Z] >>> [apiv2][query] GET https://cloudfunctions.googleapis.com/v2/projects/reqs-tech/locations/us-central1/operations/operation-1766346405031-6467b9205afbd-abc2c92b-da343742 [none]
[debug] [2025-12-21T19:46:45.770Z] <<< [apiv2][status] GET https://cloudfunctions.googleapis.com/v2/projects/reqs-tech/locations/us-central1/operations/operation-1766346405031-6467b9205afbd-abc2c92b-da343742 200
[debug] [2025-12-21T19:46:45.770Z] <<< [apiv2][body] GET https://cloudfunctions.googleapis.com/v2/projects/reqs-tech/locations/us-central1/operations/operation-1766346405031-6467b9205afbd-abc2c92b-da343742 {"name":"projects/reqs-tech/locations/us-central1/operations/operation-1766346405031-6467b9205afbd-abc2c92b-da343742","metadata":{"@type":"type.googleapis.com/google.cloud.functions.v2.OperationMetadata","createTime":"2025-12-21T19:46:45.722930199Z","target":"projects/reqs-tech/locations/us-central1/functions/contact","verb":"update","cancelRequested":false,"apiVersion":"v2"},"done":false}
[debug] [2025-12-21T19:46:45.844Z] <<< [apiv2][status] POST https://cloudfunctions.googleapis.com/v2/projects/reqs-tech/locations/us-central1/functions 200
[debug] [2025-12-21T19:46:45.844Z] <<< [apiv2][body] POST https://cloudfunctions.googleapis.com/v2/projects/reqs-tech/locations/us-central1/functions {"name":"projects/reqs-tech/locations/us-central1/operations/operation-1766346405017-6467b9205786f-f72b15eb-6ec54d4d","metadata":{"@type":"type.googleapis.com/google.cloud.functions.v2.OperationMetadata","createTime":"2025-12-21T19:46:45.830232803Z","target":"projects/reqs-tech/locations/us-central1/functions/handleRoleResponseCreate","verb":"create","cancelRequested":false,"apiVersion":"v2"},"done":false}
[debug] [2025-12-21T19:46:45.844Z] Checked if tokens are valid: true, expires at: 1766348521072
[debug] [2025-12-21T19:46:45.845Z] Checked if tokens are valid: true, expires at: 1766348521072
[debug] [2025-12-21T19:46:45.845Z] >>> [apiv2][query] GET https://cloudfunctions.googleapis.com/v2/projects/reqs-tech/locations/us-central1/operations/operation-1766346405017-6467b9205786f-f72b15eb-6ec54d4d [none]
[debug] [2025-12-21T19:46:45.889Z] <<< [apiv2][status] GET https://cloudfunctions.googleapis.com/v2/projects/reqs-tech/locations/us-central1/operations/operation-1766346405017-6467b9205786f-f72b15eb-6ec54d4d 200
[debug] [2025-12-21T19:46:45.889Z] <<< [apiv2][body] GET https://cloudfunctions.googleapis.com/v2/projects/reqs-tech/locations/us-central1/operations/operation-1766346405017-6467b9205786f-f72b15eb-6ec54d4d {"name":"projects/reqs-tech/locations/us-central1/operations/operation-1766346405017-6467b9205786f-f72b15eb-6ec54d4d","metadata":{"@type":"type.googleapis.com/google.cloud.functions.v2.OperationMetadata","createTime":"2025-12-21T19:46:45.830232803Z","target":"projects/reqs-tech/locations/us-central1/functions/handleRoleResponseCreate","verb":"create","cancelRequested":false,"apiVersion":"v2"},"done":false}
[debug] [2025-12-21T19:46:46.240Z] [update-default-us-central1-exportexistingdata] Retrying task index 0
[debug] [2025-12-21T19:46:46.240Z] Checked if tokens are valid: true, expires at: 1766348521072
[debug] [2025-12-21T19:46:46.240Z] Checked if tokens are valid: true, expires at: 1766348521072
[debug] [2025-12-21T19:46:46.240Z] >>> [apiv2][query] GET https://cloudfunctions.googleapis.com/v2/projects/reqs-tech/locations/us-central1/operations/operation-1766346405009-6467b92055933-e60b63ae-eef0c23a [none]
[debug] [2025-12-21T19:46:46.268Z] <<< [apiv2][status] GET https://cloudfunctions.googleapis.com/v2/projects/reqs-tech/locations/us-central1/operations/operation-1766346405009-6467b92055933-e60b63ae-eef0c23a 200
[debug] [2025-12-21T19:46:46.268Z] <<< [apiv2][body] GET https://cloudfunctions.googleapis.com/v2/projects/reqs-tech/locations/us-central1/operations/operation-1766346405009-6467b92055933-e60b63ae-eef0c23a {"name":"projects/reqs-tech/locations/us-central1/operations/operation-1766346405009-6467b92055933-e60b63ae-eef0c23a","metadata":{"@type":"type.googleapis.com/google.cloud.functions.v2.OperationMetadata","createTime":"2025-12-21T19:46:45.703668343Z","target":"projects/reqs-tech/locations/us-central1/functions/exportexistingdata","verb":"update","cancelRequested":false,"apiVersion":"v2","requestResource":{"@type":"type.googleapis.com/google.cloud.functions.v2.Function","name":"projects/reqs-tech/locations/us-central1/functions/exportexistingdata","buildConfig":{"runtime":"nodejs20","entryPoint":"exportexistingdata","source":{"storageSource":{"bucket":"gcf-v2-sources-416777413798-us-central1","object":"exportexistingdata/function-source.zip","generation":"1766346405655851"}},"environmentVariables":{"GOOGLE_NODE_RUN_SCRIPTS":""},"dockerRepository":"projects/reqs-tech/locations/us-central1/repositories/gcf-artifacts","sourceProvenance":{"resolvedStorageSource":{"bucket":"gcf-v2-sources-416777413798-us-central1","object":"exportexistingdata/function-source.zip","generation":"1766344211711303"}},"dockerRegistry":"ARTIFACT_REGISTRY","serviceAccount":"projects/reqs-tech/serviceAccounts/416777413798-compute@developer.gserviceaccount.com","automaticUpdatePolicy":{}},"serviceConfig":{"service":"projects/reqs-tech/locations/us-central1/services/exportexistingdata","timeoutSeconds":60,"environmentVariables":{"FIREBASE_CONFIG":"{\"projectId\":\"reqs-tech\",\"storageBucket\":\"reqs-tech.firebasestorage.app\"}","GCLOUD_PROJECT":"reqs-tech","EVENTARC_CLOUD_EVENT_SOURCE":"projects/reqs-tech/locations/us-central1/services/exportexistingdata","FUNCTION_TARGET":"exportexistingdata","LOG_EXECUTION_ID":"true"},"ingressSettings":"ALLOW_ALL","serviceAccountEmail":"416777413798-compute@developer.gserviceaccount.com","availableMemory":"256Mi","maxInstanceRequestConcurrency":80,"availableCpu":"1"},"state":"UNKNOWN","labels":{"firebase-functions-hash":"4a1a912661caca7a351411bb4c8f470dff9d3c66"},"stateMessages":[{"severity":"ERROR","type":"CloudRunServiceNotFound","message":"Cloud Run service projects/reqs-tech/locations/us-central1/services/exportexistingdata for the function was not found. The function will not work correctly. Please redeploy."}],"environment":"GEN_2","url":"https://us-central1-reqs-tech.cloudfunctions.net/exportexistingdata","satisfiesPzi":true},"stages":[{"name":"BUILD","state":"NOT_STARTED"},{"name":"SERVICE","state":"NOT_STARTED"}],"operationType":"UPDATE_FUNCTION"},"done":false}
[debug] [2025-12-21T19:46:46.271Z] [update-default-us-central1-contact] Retrying task index 0
[debug] [2025-12-21T19:46:46.271Z] Checked if tokens are valid: true, expires at: 1766348521072
[debug] [2025-12-21T19:46:46.271Z] Checked if tokens are valid: true, expires at: 1766348521072
[debug] [2025-12-21T19:46:46.271Z] >>> [apiv2][query] GET https://cloudfunctions.googleapis.com/v2/projects/reqs-tech/locations/us-central1/operations/operation-1766346405031-6467b9205afbd-abc2c92b-da343742 [none]
[debug] [2025-12-21T19:46:46.297Z] <<< [apiv2][status] GET https://cloudfunctions.googleapis.com/v2/projects/reqs-tech/locations/us-central1/operations/operation-1766346405031-6467b9205afbd-abc2c92b-da343742 200
[debug] [2025-12-21T19:46:46.297Z] <<< [apiv2][body] GET https://cloudfunctions.googleapis.com/v2/projects/reqs-tech/locations/us-central1/operations/operation-1766346405031-6467b9205afbd-abc2c92b-da343742 {"name":"projects/reqs-tech/locations/us-central1/operations/operation-1766346405031-6467b9205afbd-abc2c92b-da343742","metadata":{"@type":"type.googleapis.com/google.cloud.functions.v2.OperationMetadata","createTime":"2025-12-21T19:46:45.722930199Z","target":"projects/reqs-tech/locations/us-central1/functions/contact","verb":"update","cancelRequested":false,"apiVersion":"v2","requestResource":{"@type":"type.googleapis.com/google.cloud.functions.v2.Function","name":"projects/reqs-tech/locations/us-central1/functions/contact","buildConfig":{"runtime":"nodejs20","entryPoint":"contact","source":{"storageSource":{"bucket":"gcf-v2-sources-416777413798-us-central1","object":"contact/function-source.zip","generation":"1766346405680354"}},"environmentVariables":{"GOOGLE_NODE_RUN_SCRIPTS":""},"dockerRepository":"projects/reqs-tech/locations/us-central1/repositories/gcf-artifacts","sourceProvenance":{"resolvedStorageSource":{"bucket":"gcf-v2-sources-416777413798-us-central1","object":"contact/function-source.zip","generation":"1766344292960987"}},"dockerRegistry":"ARTIFACT_REGISTRY","serviceAccount":"projects/reqs-tech/serviceAccounts/416777413798-compute@developer.gserviceaccount.com","automaticUpdatePolicy":{}},"serviceConfig":{"service":"projects/reqs-tech/locations/us-central1/services/contact","timeoutSeconds":60,"environmentVariables":{"FIREBASE_CONFIG":"{\"projectId\":\"reqs-tech\",\"storageBucket\":\"reqs-tech.firebasestorage.app\"}","GCLOUD_PROJECT":"reqs-tech","EVENTARC_CLOUD_EVENT_SOURCE":"projects/reqs-tech/locations/us-central1/services/contact","FUNCTION_TARGET":"contact","LOG_EXECUTION_ID":"true"},"maxInstanceCount":5,"ingressSettings":"ALLOW_ALL","serviceAccountEmail":"416777413798-compute@developer.gserviceaccount.com","availableMemory":"256Mi","maxInstanceRequestConcurrency":80,"availableCpu":"1"},"state":"UNKNOWN","labels":{"firebase-functions-hash":"4a1a912661caca7a351411bb4c8f470dff9d3c66"},"stateMessages":[{"severity":"ERROR","type":"CloudRunServiceNotFound","message":"Cloud Run service projects/reqs-tech/locations/us-central1/services/contact for the function was not found. The function will not work correctly. Please redeploy."}],"environment":"GEN_2","url":"https://us-central1-reqs-tech.cloudfunctions.net/contact","satisfiesPzi":true},"stages":[{"name":"BUILD","state":"NOT_STARTED"},{"name":"SERVICE","state":"NOT_STARTED"}],"operationType":"UPDATE_FUNCTION"},"done":false}
[debug] [2025-12-21T19:46:46.390Z] [create-default-us-central1-handleRoleResponseCreate] Retrying task index 0
[debug] [2025-12-21T19:46:46.391Z] Checked if tokens are valid: true, expires at: 1766348521072
[debug] [2025-12-21T19:46:46.391Z] Checked if tokens are valid: true, expires at: 1766348521072
[debug] [2025-12-21T19:46:46.391Z] >>> [apiv2][query] GET https://cloudfunctions.googleapis.com/v2/projects/reqs-tech/locations/us-central1/operations/operation-1766346405017-6467b9205786f-f72b15eb-6ec54d4d [none]
[debug] [2025-12-21T19:46:46.414Z] <<< [apiv2][status] GET https://cloudfunctions.googleapis.com/v2/projects/reqs-tech/locations/us-central1/operations/operation-1766346405017-6467b9205786f-f72b15eb-6ec54d4d 200
[debug] [2025-12-21T19:46:46.414Z] <<< [apiv2][body] GET https://cloudfunctions.googleapis.com/v2/projects/reqs-tech/locations/us-central1/operations/operation-1766346405017-6467b9205786f-f72b15eb-6ec54d4d {"name":"projects/reqs-tech/locations/us-central1/operations/operation-1766346405017-6467b9205786f-f72b15eb-6ec54d4d","metadata":{"@type":"type.googleapis.com/google.cloud.functions.v2.OperationMetadata","createTime":"2025-12-21T19:46:45.830232803Z","target":"projects/reqs-tech/locations/us-central1/functions/handleRoleResponseCreate","verb":"create","cancelRequested":false,"apiVersion":"v2","requestResource":{"@type":"type.googleapis.com/google.cloud.functions.v2.Function","name":"projects/reqs-tech/locations/us-central1/functions/handleRoleResponseCreate","buildConfig":{"runtime":"nodejs20","entryPoint":"handleRoleResponseCreate","source":{"storageSource":{"bucket":"gcf-v2-sources-416777413798-us-central1","object":"handleRoleResponseCreate/function-source.zip","generation":"1766346405230985"}},"environmentVariables":{"GOOGLE_NODE_RUN_SCRIPTS":""},"serviceAccount":"projects/reqs-tech/serviceAccounts/416777413798-compute@developer.gserviceaccount.com","automaticUpdatePolicy":{}},"serviceConfig":{"service":"projects/reqs-tech/locations/us-central1/services/handleroleresponsecreate","timeoutSeconds":60,"environmentVariables":{"FIREBASE_CONFIG":"{\"projectId\":\"reqs-tech\",\"storageBucket\":\"reqs-tech.firebasestorage.app\"}","GCLOUD_PROJECT":"reqs-tech","EVENTARC_CLOUD_EVENT_SOURCE":"projects/reqs-tech/locations/us-central1/services/handleRoleResponseCreate","FUNCTION_SIGNATURE_TYPE":"cloudevent","FUNCTION_TARGET":"handleRoleResponseCreate","LOG_EXECUTION_ID":"true"},"ingressSettings":"ALLOW_ALL","serviceAccountEmail":"416777413798-compute@developer.gserviceaccount.com","availableMemory":"256Mi","maxInstanceRequestConcurrency":80,"availableCpu":"1"},"eventTrigger":{"trigger":"projects/reqs-tech/locations/nam5/triggers/handleroleresponsecreate-000295","triggerRegion":"nam5","eventType":"google.cloud.firestore.document.v1.created","eventFilters":[{"attribute":"database","value":"(default)"},{"attribute":"namespace","value":"(default)"},{"attribute":"document","value":"roleResponse/{docId}","operator":"match-path-pattern"}],"serviceAccountEmail":"416777413798-compute@developer.gserviceaccount.com","retryPolicy":"RETRY_POLICY_DO_NOT_RETRY"},"labels":{"deployment-tool":"cli-firebase--project-idx","firebase-functions-hash":"4a1a912661caca7a351411bb4c8f470dff9d3c66"},"environment":"GEN_2"},"stages":[{"name":"BUILD","message":"Creating build","state":"IN_PROGRESS","resource":"projects/416777413798/locations/us-central1/builds/1b144c31-dae9-4bd9-9878-98a7f7257f73","resourceUri":"https://console.cloud.google.com/cloud-build/builds;region=us-central1/1b144c31-dae9-4bd9-9878-98a7f7257f73?project=416777413798"},{"name":"SERVICE","state":"NOT_STARTED"},{"name":"TRIGGER","state":"NOT_STARTED"}],"operationType":"CREATE_FUNCTION","buildName":"projects/416777413798/locations/us-central1/builds/1b144c31-dae9-4bd9-9878-98a7f7257f73"},"done":false}
[debug] [2025-12-21T19:46:47.269Z] [update-default-us-central1-exportexistingdata] Retrying task index 0
[debug] [2025-12-21T19:46:47.270Z] Checked if tokens are valid: true, expires at: 1766348521072
[debug] [2025-12-21T19:46:47.270Z] Checked if tokens are valid: true, expires at: 1766348521072
[debug] [2025-12-21T19:46:47.270Z] >>> [apiv2][query] GET https://cloudfunctions.googleapis.com/v2/projects/reqs-tech/locations/us-central1/operations/operation-1766346405009-6467b92055933-e60b63ae-eef0c23a [none]
[debug] [2025-12-21T19:46:47.288Z] <<< [apiv2][status] GET https://cloudfunctions.googleapis.com/v2/projects/reqs-tech/locations/us-central1/operations/operation-1766346405009-6467b92055933-e60b63ae-eef0c23a 200
[debug] [2025-12-21T19:46:47.288Z] <<< [apiv2][body] GET https://cloudfunctions.googleapis.com/v2/projects/reqs-tech/locations/us-central1/operations/operation-1766346405009-6467b92055933-e60b63ae-eef0c23a {"name":"projects/reqs-tech/locations/us-central1/operations/operation-1766346405009-6467b92055933-e60b63ae-eef0c23a","metadata":{"@type":"type.googleapis.com/google.cloud.functions.v2.OperationMetadata","createTime":"2025-12-21T19:46:45.703668343Z","target":"projects/reqs-tech/locations/us-central1/functions/exportexistingdata","verb":"update","cancelRequested":false,"apiVersion":"v2","requestResource":{"@type":"type.googleapis.com/google.cloud.functions.v2.Function","name":"projects/reqs-tech/locations/us-central1/functions/exportexistingdata","buildConfig":{"runtime":"nodejs20","entryPoint":"exportexistingdata","source":{"storageSource":{"bucket":"gcf-v2-sources-416777413798-us-central1","object":"exportexistingdata/function-source.zip","generation":"1766346405655851"}},"environmentVariables":{"GOOGLE_NODE_RUN_SCRIPTS":""},"dockerRepository":"projects/reqs-tech/locations/us-central1/repositories/gcf-artifacts","sourceProvenance":{"resolvedStorageSource":{"bucket":"gcf-v2-sources-416777413798-us-central1","object":"exportexistingdata/function-source.zip","generation":"1766344211711303"}},"dockerRegistry":"ARTIFACT_REGISTRY","serviceAccount":"projects/reqs-tech/serviceAccounts/416777413798-compute@developer.gserviceaccount.com","automaticUpdatePolicy":{}},"serviceConfig":{"service":"projects/reqs-tech/locations/us-central1/services/exportexistingdata","timeoutSeconds":60,"environmentVariables":{"FIREBASE_CONFIG":"{\"projectId\":\"reqs-tech\",\"storageBucket\":\"reqs-tech.firebasestorage.app\"}","GCLOUD_PROJECT":"reqs-tech","EVENTARC_CLOUD_EVENT_SOURCE":"projects/reqs-tech/locations/us-central1/services/exportexistingdata","FUNCTION_TARGET":"exportexistingdata","LOG_EXECUTION_ID":"true"},"ingressSettings":"ALLOW_ALL","serviceAccountEmail":"416777413798-compute@developer.gserviceaccount.com","availableMemory":"256Mi","maxInstanceRequestConcurrency":80,"availableCpu":"1"},"state":"UNKNOWN","labels":{"firebase-functions-hash":"4a1a912661caca7a351411bb4c8f470dff9d3c66"},"stateMessages":[{"severity":"ERROR","type":"CloudRunServiceNotFound","message":"Cloud Run service projects/reqs-tech/locations/us-central1/services/exportexistingdata for the function was not found. The function will not work correctly. Please redeploy."}],"environment":"GEN_2","url":"https://us-central1-reqs-tech.cloudfunctions.net/exportexistingdata","satisfiesPzi":true},"stages":[{"name":"BUILD","message":"Build in progress","state":"IN_PROGRESS","resource":"projects/416777413798/locations/us-central1/builds/87537c8d-790c-4b80-80be-fe219db70f1d","resourceUri":"https://console.cloud.google.com/cloud-build/builds;region=us-central1/87537c8d-790c-4b80-80be-fe219db70f1d?project=416777413798"},{"name":"SERVICE","state":"NOT_STARTED"}],"operationType":"UPDATE_FUNCTION","buildName":"projects/416777413798/locations/us-central1/builds/87537c8d-790c-4b80-80be-fe219db70f1d"},"done":false}
[debug] [2025-12-21T19:46:47.298Z] [update-default-us-central1-contact] Retrying task index 0
[debug] [2025-12-21T19:46:47.298Z] Checked if tokens are valid: true, expires at: 1766348521072
[debug] [2025-12-21T19:46:47.298Z] Checked if tokens are valid: true, expires at: 1766348521072
[debug] [2025-12-21T19:46:47.298Z] >>> [apiv2][query] GET https://cloudfunctions.googleapis.com/v2/projects/reqs-tech/locations/us-central1/operations/operation-1766346405031-6467b9205afbd-abc2c92b-da343742 [none]
[debug] [2025-12-21T19:46:47.317Z] <<< [apiv2][status] GET https://cloudfunctions.googleapis.com/v2/projects/reqs-tech/locations/us-central1/operations/operation-1766346405031-6467b9205afbd-abc2c92b-da343742 200
[debug] [2025-12-21T19:46:47.317Z] <<< [apiv2][body] GET https://cloudfunctions.googleapis.com/v2/projects/reqs-tech/locations/us-central1/operations/operation-1766346405031-6467b9205afbd-abc2c92b-da343742 {"name":"projects/reqs-tech/locations/us-central1/operations/operation-1766346405031-6467b9205afbd-abc2c92b-da343742","metadata":{"@type":"type.googleapis.com/google.cloud.functions.v2.OperationMetadata","createTime":"2025-12-21T19:46:45.722930199Z","target":"projects/reqs-tech/locations/us-central1/functions/contact","verb":"update","cancelRequested":false,"apiVersion":"v2","requestResource":{"@type":"type.googleapis.com/google.cloud.functions.v2.Function","name":"projects/reqs-tech/locations/us-central1/functions/contact","buildConfig":{"runtime":"nodejs20","entryPoint":"contact","source":{"storageSource":{"bucket":"gcf-v2-sources-416777413798-us-central1","object":"contact/function-source.zip","generation":"1766346405680354"}},"environmentVariables":{"GOOGLE_NODE_RUN_SCRIPTS":""},"dockerRepository":"projects/reqs-tech/locations/us-central1/repositories/gcf-artifacts","sourceProvenance":{"resolvedStorageSource":{"bucket":"gcf-v2-sources-416777413798-us-central1","object":"contact/function-source.zip","generation":"1766344292960987"}},"dockerRegistry":"ARTIFACT_REGISTRY","serviceAccount":"projects/reqs-tech/serviceAccounts/416777413798-compute@developer.gserviceaccount.com","automaticUpdatePolicy":{}},"serviceConfig":{"service":"projects/reqs-tech/locations/us-central1/services/contact","timeoutSeconds":60,"environmentVariables":{"FIREBASE_CONFIG":"{\"projectId\":\"reqs-tech\",\"storageBucket\":\"reqs-tech.firebasestorage.app\"}","GCLOUD_PROJECT":"reqs-tech","EVENTARC_CLOUD_EVENT_SOURCE":"projects/reqs-tech/locations/us-central1/services/contact","FUNCTION_TARGET":"contact","LOG_EXECUTION_ID":"true"},"maxInstanceCount":5,"ingressSettings":"ALLOW_ALL","serviceAccountEmail":"416777413798-compute@developer.gserviceaccount.com","availableMemory":"256Mi","maxInstanceRequestConcurrency":80,"availableCpu":"1"},"state":"UNKNOWN","labels":{"firebase-functions-hash":"4a1a912661caca7a351411bb4c8f470dff9d3c66"},"stateMessages":[{"severity":"ERROR","type":"CloudRunServiceNotFound","message":"Cloud Run service projects/reqs-tech/locations/us-central1/services/contact for the function was not found. The function will not work correctly. Please redeploy."}],"environment":"GEN_2","url":"https://us-central1-reqs-tech.cloudfunctions.net/contact","satisfiesPzi":true},"stages":[{"name":"BUILD","message":"Build in progress","state":"IN_PROGRESS","resource":"projects/416777413798/locations/us-central1/builds/7f1e1be3-0c5c-4402-ab82-40958eada991","resourceUri":"https://console.cloud.google.com/cloud-build/builds;region=us-central1/7f1e1be3-0c5c-4402-ab82-40958eada991?project=416777413798"},{"name":"SERVICE","state":"NOT_STARTED"}],"operationType":"UPDATE_FUNCTION","buildName":"projects/416777413798/locations/us-central1/builds/7f1e1be3-0c5c-4402-ab82-40958eada991"},"done":false}
[debug] [2025-12-21T19:46:47.415Z] [create-default-us-central1-handleRoleResponseCreate] Retrying task index 0
[debug] [2025-12-21T19:46:47.415Z] Checked if tokens are valid: true, expires at: 1766348521072
[debug] [2025-12-21T19:46:47.415Z] Checked if tokens are valid: true, expires at: 1766348521072
[debug] [2025-12-21T19:46:47.415Z] >>> [apiv2][query] GET https://cloudfunctions.googleapis.com/v2/projects/reqs-tech/locations/us-central1/operations/operation-1766346405017-6467b9205786f-f72b15eb-6ec54d4d [none]
[debug] [2025-12-21T19:46:47.439Z] <<< [apiv2][status] GET https://cloudfunctions.googleapis.com/v2/projects/reqs-tech/locations/us-central1/operations/operation-1766346405017-6467b9205786f-f72b15eb-6ec54d4d 200
[debug] [2025-12-21T19:46:47.439Z] <<< [apiv2][body] GET https://cloudfunctions.googleapis.com/v2/projects/reqs-tech/locations/us-central1/operations/operation-1766346405017-6467b9205786f-f72b15eb-6ec54d4d {"name":"projects/reqs-tech/locations/us-central1/operations/operation-1766346405017-6467b9205786f-f72b15eb-6ec54d4d","metadata":{"@type":"type.googleapis.com/google.cloud.functions.v2.OperationMetadata","createTime":"2025-12-21T19:46:45.830232803Z","target":"projects/reqs-tech/locations/us-central1/functions/handleRoleResponseCreate","verb":"create","cancelRequested":false,"apiVersion":"v2","requestResource":{"@type":"type.googleapis.com/google.cloud.functions.v2.Function","name":"projects/reqs-tech/locations/us-central1/functions/handleRoleResponseCreate","buildConfig":{"runtime":"nodejs20","entryPoint":"handleRoleResponseCreate","source":{"storageSource":{"bucket":"gcf-v2-sources-416777413798-us-central1","object":"handleRoleResponseCreate/function-source.zip","generation":"1766346405230985"}},"environmentVariables":{"GOOGLE_NODE_RUN_SCRIPTS":""},"serviceAccount":"projects/reqs-tech/serviceAccounts/416777413798-compute@developer.gserviceaccount.com","automaticUpdatePolicy":{}},"serviceConfig":{"service":"projects/reqs-tech/locations/us-central1/services/handleroleresponsecreate","timeoutSeconds":60,"environmentVariables":{"FIREBASE_CONFIG":"{\"projectId\":\"reqs-tech\",\"storageBucket\":\"reqs-tech.firebasestorage.app\"}","GCLOUD_PROJECT":"reqs-tech","EVENTARC_CLOUD_EVENT_SOURCE":"projects/reqs-tech/locations/us-central1/services/handleRoleResponseCreate","FUNCTION_SIGNATURE_TYPE":"cloudevent","FUNCTION_TARGET":"handleRoleResponseCreate","LOG_EXECUTION_ID":"true"},"ingressSettings":"ALLOW_ALL","serviceAccountEmail":"416777413798-compute@developer.gserviceaccount.com","availableMemory":"256Mi","maxInstanceRequestConcurrency":80,"availableCpu":"1"},"eventTrigger":{"trigger":"projects/reqs-tech/locations/nam5/triggers/handleroleresponsecreate-000295","triggerRegion":"nam5","eventType":"google.cloud.firestore.document.v1.created","eventFilters":[{"attribute":"database","value":"(default)"},{"attribute":"namespace","value":"(default)"},{"attribute":"document","value":"roleResponse/{docId}","operator":"match-path-pattern"}],"serviceAccountEmail":"416777413798-compute@developer.gserviceaccount.com","retryPolicy":"RETRY_POLICY_DO_NOT_RETRY"},"labels":{"deployment-tool":"cli-firebase--project-idx","firebase-functions-hash":"4a1a912661caca7a351411bb4c8f470dff9d3c66"},"environment":"GEN_2"},"stages":[{"name":"BUILD","message":"Build in progress","state":"IN_PROGRESS","resource":"projects/416777413798/locations/us-central1/builds/1b144c31-dae9-4bd9-9878-98a7f7257f73","resourceUri":"https://console.cloud.google.com/cloud-build/builds;region=us-central1/1b144c31-dae9-4bd9-9878-98a7f7257f73?project=416777413798"},{"name":"SERVICE","state":"NOT_STARTED"},{"name":"TRIGGER","state":"NOT_STARTED"}],"operationType":"CREATE_FUNCTION","buildName":"projects/416777413798/locations/us-central1/builds/1b144c31-dae9-4bd9-9878-98a7f7257f73"},"done":false}
[debug] [2025-12-21T19:46:49.290Z] [update-default-us-central1-exportexistingdata] Retrying task index 0
[debug] [2025-12-21T19:46:49.290Z] Checked if tokens are valid: true, expires at: 1766348521072
[debug] [2025-12-21T19:46:49.290Z] Checked if tokens are valid: true, expires at: 1766348521072
[debug] [2025-12-21T19:46:49.291Z] >>> [apiv2][query] GET https://cloudfunctions.googleapis.com/v2/projects/reqs-tech/locations/us-central1/operations/operation-1766346405009-6467b92055933-e60b63ae-eef0c23a [none]
[debug] [2025-12-21T19:46:49.318Z] [update-default-us-central1-contact] Retrying task index 0
[debug] [2025-12-21T19:46:49.318Z] Checked if tokens are valid: true, expires at: 1766348521072
[debug] [2025-12-21T19:46:49.318Z] Checked if tokens are valid: true, expires at: 1766348521072
[debug] [2025-12-21T19:46:49.318Z] >>> [apiv2][query] GET https://cloudfunctions.googleapis.com/v2/projects/reqs-tech/locations/us-central1/operations/operation-1766346405031-6467b9205afbd-abc2c92b-da343742 [none]
[debug] [2025-12-21T19:46:49.320Z] <<< [apiv2][status] GET https://cloudfunctions.googleapis.com/v2/projects/reqs-tech/locations/us-central1/operations/operation-1766346405009-6467b92055933-e60b63ae-eef0c23a 200
[debug] [2025-12-21T19:46:49.321Z] <<< [apiv2][body] GET https://cloudfunctions.googleapis.com/v2/projects/reqs-tech/locations/us-central1/operations/operation-1766346405009-6467b92055933-e60b63ae-eef0c23a {"name":"projects/reqs-tech/locations/us-central1/operations/operation-1766346405009-6467b92055933-e60b63ae-eef0c23a","metadata":{"@type":"type.googleapis.com/google.cloud.functions.v2.OperationMetadata","createTime":"2025-12-21T19:46:45.703668343Z","target":"projects/reqs-tech/locations/us-central1/functions/exportexistingdata","verb":"update","cancelRequested":false,"apiVersion":"v2","requestResource":{"@type":"type.googleapis.com/google.cloud.functions.v2.Function","name":"projects/reqs-tech/locations/us-central1/functions/exportexistingdata","buildConfig":{"runtime":"nodejs20","entryPoint":"exportexistingdata","source":{"storageSource":{"bucket":"gcf-v2-sources-416777413798-us-central1","object":"exportexistingdata/function-source.zip","generation":"1766346405655851"}},"environmentVariables":{"GOOGLE_NODE_RUN_SCRIPTS":""},"dockerRepository":"projects/reqs-tech/locations/us-central1/repositories/gcf-artifacts","sourceProvenance":{"resolvedStorageSource":{"bucket":"gcf-v2-sources-416777413798-us-central1","object":"exportexistingdata/function-source.zip","generation":"1766344211711303"}},"dockerRegistry":"ARTIFACT_REGISTRY","serviceAccount":"projects/reqs-tech/serviceAccounts/416777413798-compute@developer.gserviceaccount.com","automaticUpdatePolicy":{}},"serviceConfig":{"service":"projects/reqs-tech/locations/us-central1/services/exportexistingdata","timeoutSeconds":60,"environmentVariables":{"FIREBASE_CONFIG":"{\"projectId\":\"reqs-tech\",\"storageBucket\":\"reqs-tech.firebasestorage.app\"}","GCLOUD_PROJECT":"reqs-tech","EVENTARC_CLOUD_EVENT_SOURCE":"projects/reqs-tech/locations/us-central1/services/exportexistingdata","FUNCTION_TARGET":"exportexistingdata","LOG_EXECUTION_ID":"true"},"ingressSettings":"ALLOW_ALL","serviceAccountEmail":"416777413798-compute@developer.gserviceaccount.com","availableMemory":"256Mi","maxInstanceRequestConcurrency":80,"availableCpu":"1"},"state":"UNKNOWN","labels":{"firebase-functions-hash":"4a1a912661caca7a351411bb4c8f470dff9d3c66"},"stateMessages":[{"severity":"ERROR","type":"CloudRunServiceNotFound","message":"Cloud Run service projects/reqs-tech/locations/us-central1/services/exportexistingdata for the function was not found. The function will not work correctly. Please redeploy."}],"environment":"GEN_2","url":"https://us-central1-reqs-tech.cloudfunctions.net/exportexistingdata","satisfiesPzi":true},"stages":[{"name":"BUILD","message":"Build in progress","state":"IN_PROGRESS","resource":"projects/416777413798/locations/us-central1/builds/87537c8d-790c-4b80-80be-fe219db70f1d","resourceUri":"https://console.cloud.google.com/cloud-build/builds;region=us-central1/87537c8d-790c-4b80-80be-fe219db70f1d?project=416777413798"},{"name":"SERVICE","state":"NOT_STARTED"}],"operationType":"UPDATE_FUNCTION","buildName":"projects/416777413798/locations/us-central1/builds/87537c8d-790c-4b80-80be-fe219db70f1d"},"done":false}
[debug] [2025-12-21T19:46:49.337Z] <<< [apiv2][status] GET https://cloudfunctions.googleapis.com/v2/projects/reqs-tech/locations/us-central1/operations/operation-1766346405031-6467b9205afbd-abc2c92b-da343742 200
[debug] [2025-12-21T19:46:49.337Z] <<< [apiv2][body] GET https://cloudfunctions.googleapis.com/v2/projects/reqs-tech/locations/us-central1/operations/operation-1766346405031-6467b9205afbd-abc2c92b-da343742 {"name":"projects/reqs-tech/locations/us-central1/operations/operation-1766346405031-6467b9205afbd-abc2c92b-da343742","metadata":{"@type":"type.googleapis.com/google.cloud.functions.v2.OperationMetadata","createTime":"2025-12-21T19:46:45.722930199Z","target":"projects/reqs-tech/locations/us-central1/functions/contact","verb":"update","cancelRequested":false,"apiVersion":"v2","requestResource":{"@type":"type.googleapis.com/google.cloud.functions.v2.Function","name":"projects/reqs-tech/locations/us-central1/functions/contact","buildConfig":{"runtime":"nodejs20","entryPoint":"contact","source":{"storageSource":{"bucket":"gcf-v2-sources-416777413798-us-central1","object":"contact/function-source.zip","generation":"1766346405680354"}},"environmentVariables":{"GOOGLE_NODE_RUN_SCRIPTS":""},"dockerRepository":"projects/reqs-tech/locations/us-central1/repositories/gcf-artifacts","sourceProvenance":{"resolvedStorageSource":{"bucket":"gcf-v2-sources-416777413798-us-central1","object":"contact/function-source.zip","generation":"1766344292960987"}},"dockerRegistry":"ARTIFACT_REGISTRY","serviceAccount":"projects/reqs-tech/serviceAccounts/416777413798-compute@developer.gserviceaccount.com","automaticUpdatePolicy":{}},"serviceConfig":{"service":"projects/reqs-tech/locations/us-central1/services/contact","timeoutSeconds":60,"environmentVariables":{"FIREBASE_CONFIG":"{\"projectId\":\"reqs-tech\",\"storageBucket\":\"reqs-tech.firebasestorage.app\"}","GCLOUD_PROJECT":"reqs-tech","EVENTARC_CLOUD_EVENT_SOURCE":"projects/reqs-tech/locations/us-central1/services/contact","FUNCTION_TARGET":"contact","LOG_EXECUTION_ID":"true"},"maxInstanceCount":5,"ingressSettings":"ALLOW_ALL","serviceAccountEmail":"416777413798-compute@developer.gserviceaccount.com","availableMemory":"256Mi","maxInstanceRequestConcurrency":80,"availableCpu":"1"},"state":"UNKNOWN","labels":{"firebase-functions-hash":"4a1a912661caca7a351411bb4c8f470dff9d3c66"},"stateMessages":[{"severity":"ERROR","type":"CloudRunServiceNotFound","message":"Cloud Run service projects/reqs-tech/locations/us-central1/services/contact for the function was not found. The function will not work correctly. Please redeploy."}],"environment":"GEN_2","url":"https://us-central1-reqs-tech.cloudfunctions.net/contact","satisfiesPzi":true},"stages":[{"name":"BUILD","message":"Build in progress","state":"IN_PROGRESS","resource":"projects/416777413798/locations/us-central1/builds/7f1e1be3-0c5c-4402-ab82-40958eada991","resourceUri":"https://console.cloud.google.com/cloud-build/builds;region=us-central1/7f1e1be3-0c5c-4402-ab82-40958eada991?project=416777413798"},{"name":"SERVICE","state":"NOT_STARTED"}],"operationType":"UPDATE_FUNCTION","buildName":"projects/416777413798/locations/us-central1/builds/7f1e1be3-0c5c-4402-ab82-40958eada991"},"done":false}
[debug] [2025-12-21T19:46:49.439Z] [create-default-us-central1-handleRoleResponseCreate] Retrying task index 0
[debug] [2025-12-21T19:46:49.439Z] Checked if tokens are valid: true, expires at: 1766348521072
[debug] [2025-12-21T19:46:49.439Z] Checked if tokens are valid: true, expires at: 1766348521072
[debug] [2025-12-21T19:46:49.439Z] >>> [apiv2][query] GET https://cloudfunctions.googleapis.com/v2/projects/reqs-tech/locations/us-central1/operations/operation-1766346405017-6467b9205786f-f72b15eb-6ec54d4d [none]
[debug] [2025-12-21T19:46:49.459Z] <<< [apiv2][status] GET https://cloudfunctions.googleapis.com/v2/projects/reqs-tech/locations/us-central1/operations/operation-1766346405017-6467b9205786f-f72b15eb-6ec54d4d 200
[debug] [2025-12-21T19:46:49.459Z] <<< [apiv2][body] GET https://cloudfunctions.googleapis.com/v2/projects/reqs-tech/locations/us-central1/operations/operation-1766346405017-6467b9205786f-f72b15eb-6ec54d4d {"name":"projects/reqs-tech/locations/us-central1/operations/operation-1766346405017-6467b9205786f-f72b15eb-6ec54d4d","metadata":{"@type":"type.googleapis.com/google.cloud.functions.v2.OperationMetadata","createTime":"2025-12-21T19:46:45.830232803Z","target":"projects/reqs-tech/locations/us-central1/functions/handleRoleResponseCreate","verb":"create","cancelRequested":false,"apiVersion":"v2","requestResource":{"@type":"type.googleapis.com/google.cloud.functions.v2.Function","name":"projects/reqs-tech/locations/us-central1/functions/handleRoleResponseCreate","buildConfig":{"runtime":"nodejs20","entryPoint":"handleRoleResponseCreate","source":{"storageSource":{"bucket":"gcf-v2-sources-416777413798-us-central1","object":"handleRoleResponseCreate/function-source.zip","generation":"1766346405230985"}},"environmentVariables":{"GOOGLE_NODE_RUN_SCRIPTS":""},"serviceAccount":"projects/reqs-tech/serviceAccounts/416777413798-compute@developer.gserviceaccount.com","automaticUpdatePolicy":{}},"serviceConfig":{"service":"projects/reqs-tech/locations/us-central1/services/handleroleresponsecreate","timeoutSeconds":60,"environmentVariables":{"FIREBASE_CONFIG":"{\"projectId\":\"reqs-tech\",\"storageBucket\":\"reqs-tech.firebasestorage.app\"}","GCLOUD_PROJECT":"reqs-tech","EVENTARC_CLOUD_EVENT_SOURCE":"projects/reqs-tech/locations/us-central1/services/handleRoleResponseCreate","FUNCTION_SIGNATURE_TYPE":"cloudevent","FUNCTION_TARGET":"handleRoleResponseCreate","LOG_EXECUTION_ID":"true"},"ingressSettings":"ALLOW_ALL","serviceAccountEmail":"416777413798-compute@developer.gserviceaccount.com","availableMemory":"256Mi","maxInstanceRequestConcurrency":80,"availableCpu":"1"},"eventTrigger":{"trigger":"projects/reqs-tech/locations/nam5/triggers/handleroleresponsecreate-000295","triggerRegion":"nam5","eventType":"google.cloud.firestore.document.v1.created","eventFilters":[{"attribute":"database","value":"(default)"},{"attribute":"namespace","value":"(default)"},{"attribute":"document","value":"roleResponse/{docId}","operator":"match-path-pattern"}],"serviceAccountEmail":"416777413798-compute@developer.gserviceaccount.com","retryPolicy":"RETRY_POLICY_DO_NOT_RETRY"},"labels":{"deployment-tool":"cli-firebase--project-idx","firebase-functions-hash":"4a1a912661caca7a351411bb4c8f470dff9d3c66"},"environment":"GEN_2"},"stages":[{"name":"BUILD","message":"Build in progress","state":"IN_PROGRESS","resource":"projects/416777413798/locations/us-central1/builds/1b144c31-dae9-4bd9-9878-98a7f7257f73","resourceUri":"https://console.cloud.google.com/cloud-build/builds;region=us-central1/1b144c31-dae9-4bd9-9878-98a7f7257f73?project=416777413798"},{"name":"SERVICE","state":"NOT_STARTED"},{"name":"TRIGGER","state":"NOT_STARTED"}],"operationType":"CREATE_FUNCTION","buildName":"projects/416777413798/locations/us-central1/builds/1b144c31-dae9-4bd9-9878-98a7f7257f73"},"done":false}
[debug] [2025-12-21T19:46:53.322Z] [update-default-us-central1-exportexistingdata] Retrying task index 0
[debug] [2025-12-21T19:46:53.323Z] Checked if tokens are valid: true, expires at: 1766348521072
[debug] [2025-12-21T19:46:53.323Z] Checked if tokens are valid: true, expires at: 1766348521072
[debug] [2025-12-21T19:46:53.323Z] >>> [apiv2][query] GET https://cloudfunctions.googleapis.com/v2/projects/reqs-tech/locations/us-central1/operations/operation-1766346405009-6467b92055933-e60b63ae-eef0c23a [none]
[debug] [2025-12-21T19:46:53.338Z] [update-default-us-central1-contact] Retrying task index 0
[debug] [2025-12-21T19:46:53.339Z] Checked if tokens are valid: true, expires at: 1766348521072
[debug] [2025-12-21T19:46:53.339Z] Checked if tokens are valid: true, expires at: 1766348521072
[debug] [2025-12-21T19:46:53.339Z] >>> [apiv2][query] GET https://cloudfunctions.googleapis.com/v2/projects/reqs-tech/locations/us-central1/operations/operation-1766346405031-6467b9205afbd-abc2c92b-da343742 [none]
[debug] [2025-12-21T19:46:53.342Z] <<< [apiv2][status] GET https://cloudfunctions.googleapis.com/v2/projects/reqs-tech/locations/us-central1/operations/operation-1766346405009-6467b92055933-e60b63ae-eef0c23a 200
[debug] [2025-12-21T19:46:53.343Z] <<< [apiv2][body] GET https://cloudfunctions.googleapis.com/v2/projects/reqs-tech/locations/us-central1/operations/operation-1766346405009-6467b92055933-e60b63ae-eef0c23a {"name":"projects/reqs-tech/locations/us-central1/operations/operation-1766346405009-6467b92055933-e60b63ae-eef0c23a","metadata":{"@type":"type.googleapis.com/google.cloud.functions.v2.OperationMetadata","createTime":"2025-12-21T19:46:45.703668343Z","target":"projects/reqs-tech/locations/us-central1/functions/exportexistingdata","verb":"update","cancelRequested":false,"apiVersion":"v2","requestResource":{"@type":"type.googleapis.com/google.cloud.functions.v2.Function","name":"projects/reqs-tech/locations/us-central1/functions/exportexistingdata","buildConfig":{"runtime":"nodejs20","entryPoint":"exportexistingdata","source":{"storageSource":{"bucket":"gcf-v2-sources-416777413798-us-central1","object":"exportexistingdata/function-source.zip","generation":"1766346405655851"}},"environmentVariables":{"GOOGLE_NODE_RUN_SCRIPTS":""},"dockerRepository":"projects/reqs-tech/locations/us-central1/repositories/gcf-artifacts","sourceProvenance":{"resolvedStorageSource":{"bucket":"gcf-v2-sources-416777413798-us-central1","object":"exportexistingdata/function-source.zip","generation":"1766344211711303"}},"dockerRegistry":"ARTIFACT_REGISTRY","serviceAccount":"projects/reqs-tech/serviceAccounts/416777413798-compute@developer.gserviceaccount.com","automaticUpdatePolicy":{}},"serviceConfig":{"service":"projects/reqs-tech/locations/us-central1/services/exportexistingdata","timeoutSeconds":60,"environmentVariables":{"FIREBASE_CONFIG":"{\"projectId\":\"reqs-tech\",\"storageBucket\":\"reqs-tech.firebasestorage.app\"}","GCLOUD_PROJECT":"reqs-tech","EVENTARC_CLOUD_EVENT_SOURCE":"projects/reqs-tech/locations/us-central1/services/exportexistingdata","FUNCTION_TARGET":"exportexistingdata","LOG_EXECUTION_ID":"true"},"ingressSettings":"ALLOW_ALL","serviceAccountEmail":"416777413798-compute@developer.gserviceaccount.com","availableMemory":"256Mi","maxInstanceRequestConcurrency":80,"availableCpu":"1"},"state":"UNKNOWN","labels":{"firebase-functions-hash":"4a1a912661caca7a351411bb4c8f470dff9d3c66"},"stateMessages":[{"severity":"ERROR","type":"CloudRunServiceNotFound","message":"Cloud Run service projects/reqs-tech/locations/us-central1/services/exportexistingdata for the function was not found. The function will not work correctly. Please redeploy."}],"environment":"GEN_2","url":"https://us-central1-reqs-tech.cloudfunctions.net/exportexistingdata","satisfiesPzi":true},"stages":[{"name":"BUILD","message":"Build in progress","state":"IN_PROGRESS","resource":"projects/416777413798/locations/us-central1/builds/87537c8d-790c-4b80-80be-fe219db70f1d","resourceUri":"https://console.cloud.google.com/cloud-build/builds;region=us-central1/87537c8d-790c-4b80-80be-fe219db70f1d?project=416777413798"},{"name":"SERVICE","state":"NOT_STARTED"}],"operationType":"UPDATE_FUNCTION","buildName":"projects/416777413798/locations/us-central1/builds/87537c8d-790c-4b80-80be-fe219db70f1d"},"done":false}
[debug] [2025-12-21T19:46:53.358Z] <<< [apiv2][status] GET https://cloudfunctions.googleapis.com/v2/projects/reqs-tech/locations/us-central1/operations/operation-1766346405031-6467b9205afbd-abc2c92b-da343742 200
[debug] [2025-12-21T19:46:53.358Z] <<< [apiv2][body] GET https://cloudfunctions.googleapis.com/v2/projects/reqs-tech/locations/us-central1/operations/operation-1766346405031-6467b9205afbd-abc2c92b-da343742 {"name":"projects/reqs-tech/locations/us-central1/operations/operation-1766346405031-6467b9205afbd-abc2c92b-da343742","metadata":{"@type":"type.googleapis.com/google.cloud.functions.v2.OperationMetadata","createTime":"2025-12-21T19:46:45.722930199Z","target":"projects/reqs-tech/locations/us-central1/functions/contact","verb":"update","cancelRequested":false,"apiVersion":"v2","requestResource":{"@type":"type.googleapis.com/google.cloud.functions.v2.Function","name":"projects/reqs-tech/locations/us-central1/functions/contact","buildConfig":{"runtime":"nodejs20","entryPoint":"contact","source":{"storageSource":{"bucket":"gcf-v2-sources-416777413798-us-central1","object":"contact/function-source.zip","generation":"1766346405680354"}},"environmentVariables":{"GOOGLE_NODE_RUN_SCRIPTS":""},"dockerRepository":"projects/reqs-tech/locations/us-central1/repositories/gcf-artifacts","sourceProvenance":{"resolvedStorageSource":{"bucket":"gcf-v2-sources-416777413798-us-central1","object":"contact/function-source.zip","generation":"1766344292960987"}},"dockerRegistry":"ARTIFACT_REGISTRY","serviceAccount":"projects/reqs-tech/serviceAccounts/416777413798-compute@developer.gserviceaccount.com","automaticUpdatePolicy":{}},"serviceConfig":{"service":"projects/reqs-tech/locations/us-central1/services/contact","timeoutSeconds":60,"environmentVariables":{"FIREBASE_CONFIG":"{\"projectId\":\"reqs-tech\",\"storageBucket\":\"reqs-tech.firebasestorage.app\"}","GCLOUD_PROJECT":"reqs-tech","EVENTARC_CLOUD_EVENT_SOURCE":"projects/reqs-tech/locations/us-central1/services/contact","FUNCTION_TARGET":"contact","LOG_EXECUTION_ID":"true"},"maxInstanceCount":5,"ingressSettings":"ALLOW_ALL","serviceAccountEmail":"416777413798-compute@developer.gserviceaccount.com","availableMemory":"256Mi","maxInstanceRequestConcurrency":80,"availableCpu":"1"},"state":"UNKNOWN","labels":{"firebase-functions-hash":"4a1a912661caca7a351411bb4c8f470dff9d3c66"},"stateMessages":[{"severity":"ERROR","type":"CloudRunServiceNotFound","message":"Cloud Run service projects/reqs-tech/locations/us-central1/services/contact for the function was not found. The function will not work correctly. Please redeploy."}],"environment":"GEN_2","url":"https://us-central1-reqs-tech.cloudfunctions.net/contact","satisfiesPzi":true},"stages":[{"name":"BUILD","message":"Build in progress","state":"IN_PROGRESS","resource":"projects/416777413798/locations/us-central1/builds/7f1e1be3-0c5c-4402-ab82-40958eada991","resourceUri":"https://console.cloud.google.com/cloud-build/builds;region=us-central1/7f1e1be3-0c5c-4402-ab82-40958eada991?project=416777413798"},{"name":"SERVICE","state":"NOT_STARTED"}],"operationType":"UPDATE_FUNCTION","buildName":"projects/416777413798/locations/us-central1/builds/7f1e1be3-0c5c-4402-ab82-40958eada991"},"done":false}
[debug] [2025-12-21T19:46:53.459Z] [create-default-us-central1-handleRoleResponseCreate] Retrying task index 0
[debug] [2025-12-21T19:46:53.459Z] Checked if tokens are valid: true, expires at: 1766348521072
[debug] [2025-12-21T19:46:53.459Z] Checked if tokens are valid: true, expires at: 1766348521072
[debug] [2025-12-21T19:46:53.459Z] >>> [apiv2][query] GET https://cloudfunctions.googleapis.com/v2/projects/reqs-tech/locations/us-central1/operations/operation-1766346405017-6467b9205786f-f72b15eb-6ec54d4d [none]
[debug] [2025-12-21T19:46:53.485Z] <<< [apiv2][status] GET https://cloudfunctions.googleapis.com/v2/projects/reqs-tech/locations/us-central1/operations/operation-1766346405017-6467b9205786f-f72b15eb-6ec54d4d 200
[debug] [2025-12-21T19:46:53.485Z] <<< [apiv2][body] GET https://cloudfunctions.googleapis.com/v2/projects/reqs-tech/locations/us-central1/operations/operation-1766346405017-6467b9205786f-f72b15eb-6ec54d4d {"name":"projects/reqs-tech/locations/us-central1/operations/operation-1766346405017-6467b9205786f-f72b15eb-6ec54d4d","metadata":{"@type":"type.googleapis.com/google.cloud.functions.v2.OperationMetadata","createTime":"2025-12-21T19:46:45.830232803Z","target":"projects/reqs-tech/locations/us-central1/functions/handleRoleResponseCreate","verb":"create","cancelRequested":false,"apiVersion":"v2","requestResource":{"@type":"type.googleapis.com/google.cloud.functions.v2.Function","name":"projects/reqs-tech/locations/us-central1/functions/handleRoleResponseCreate","buildConfig":{"runtime":"nodejs20","entryPoint":"handleRoleResponseCreate","source":{"storageSource":{"bucket":"gcf-v2-sources-416777413798-us-central1","object":"handleRoleResponseCreate/function-source.zip","generation":"1766346405230985"}},"environmentVariables":{"GOOGLE_NODE_RUN_SCRIPTS":""},"serviceAccount":"projects/reqs-tech/serviceAccounts/416777413798-compute@developer.gserviceaccount.com","automaticUpdatePolicy":{}},"serviceConfig":{"service":"projects/reqs-tech/locations/us-central1/services/handleroleresponsecreate","timeoutSeconds":60,"environmentVariables":{"FIREBASE_CONFIG":"{\"projectId\":\"reqs-tech\",\"storageBucket\":\"reqs-tech.firebasestorage.app\"}","GCLOUD_PROJECT":"reqs-tech","EVENTARC_CLOUD_EVENT_SOURCE":"projects/reqs-tech/locations/us-central1/services/handleRoleResponseCreate","FUNCTION_SIGNATURE_TYPE":"cloudevent","FUNCTION_TARGET":"handleRoleResponseCreate","LOG_EXECUTION_ID":"true"},"ingressSettings":"ALLOW_ALL","serviceAccountEmail":"416777413798-compute@developer.gserviceaccount.com","availableMemory":"256Mi","maxInstanceRequestConcurrency":80,"availableCpu":"1"},"eventTrigger":{"trigger":"projects/reqs-tech/locations/nam5/triggers/handleroleresponsecreate-000295","triggerRegion":"nam5","eventType":"google.cloud.firestore.document.v1.created","eventFilters":[{"attribute":"database","value":"(default)"},{"attribute":"namespace","value":"(default)"},{"attribute":"document","value":"roleResponse/{docId}","operator":"match-path-pattern"}],"serviceAccountEmail":"416777413798-compute@developer.gserviceaccount.com","retryPolicy":"RETRY_POLICY_DO_NOT_RETRY"},"labels":{"deployment-tool":"cli-firebase--project-idx","firebase-functions-hash":"4a1a912661caca7a351411bb4c8f470dff9d3c66"},"environment":"GEN_2"},"stages":[{"name":"BUILD","message":"Build in progress","state":"IN_PROGRESS","resource":"projects/416777413798/locations/us-central1/builds/1b144c31-dae9-4bd9-9878-98a7f7257f73","resourceUri":"https://console.cloud.google.com/cloud-build/builds;region=us-central1/1b144c31-dae9-4bd9-9878-98a7f7257f73?project=416777413798"},{"name":"SERVICE","state":"NOT_STARTED"},{"name":"TRIGGER","state":"NOT_STARTED"}],"operationType":"CREATE_FUNCTION","buildName":"projects/416777413798/locations/us-central1/builds/1b144c31-dae9-4bd9-9878-98a7f7257f73"},"done":false}
[debug] [2025-12-21T19:47:01.345Z] [update-default-us-central1-exportexistingdata] Retrying task index 0
[debug] [2025-12-21T19:47:01.346Z] Checked if tokens are valid: true, expires at: 1766348521072
[debug] [2025-12-21T19:47:01.346Z] Checked if tokens are valid: true, expires at: 1766348521072
[debug] [2025-12-21T19:47:01.346Z] >>> [apiv2][query] GET https://cloudfunctions.googleapis.com/v2/projects/reqs-tech/locations/us-central1/operations/operation-1766346405009-6467b92055933-e60b63ae-eef0c23a [none]
[debug] [2025-12-21T19:47:01.359Z] [update-default-us-central1-contact] Retrying task index 0
[debug] [2025-12-21T19:47:01.359Z] Checked if tokens are valid: true, expires at: 1766348521072
[debug] [2025-12-21T19:47:01.359Z] Checked if tokens are valid: true, expires at: 1766348521072
[debug] [2025-12-21T19:47:01.359Z] >>> [apiv2][query] GET https://cloudfunctions.googleapis.com/v2/projects/reqs-tech/locations/us-central1/operations/operation-1766346405031-6467b9205afbd-abc2c92b-da343742 [none]
[debug] [2025-12-21T19:47:01.380Z] <<< [apiv2][status] GET https://cloudfunctions.googleapis.com/v2/projects/reqs-tech/locations/us-central1/operations/operation-1766346405009-6467b92055933-e60b63ae-eef0c23a 200
[debug] [2025-12-21T19:47:01.381Z] <<< [apiv2][body] GET https://cloudfunctions.googleapis.com/v2/projects/reqs-tech/locations/us-central1/operations/operation-1766346405009-6467b92055933-e60b63ae-eef0c23a {"name":"projects/reqs-tech/locations/us-central1/operations/operation-1766346405009-6467b92055933-e60b63ae-eef0c23a","metadata":{"@type":"type.googleapis.com/google.cloud.functions.v2.OperationMetadata","createTime":"2025-12-21T19:46:45.703668343Z","target":"projects/reqs-tech/locations/us-central1/functions/exportexistingdata","verb":"update","cancelRequested":false,"apiVersion":"v2","requestResource":{"@type":"type.googleapis.com/google.cloud.functions.v2.Function","name":"projects/reqs-tech/locations/us-central1/functions/exportexistingdata","buildConfig":{"runtime":"nodejs20","entryPoint":"exportexistingdata","source":{"storageSource":{"bucket":"gcf-v2-sources-416777413798-us-central1","object":"exportexistingdata/function-source.zip","generation":"1766346405655851"}},"environmentVariables":{"GOOGLE_NODE_RUN_SCRIPTS":""},"dockerRepository":"projects/reqs-tech/locations/us-central1/repositories/gcf-artifacts","sourceProvenance":{"resolvedStorageSource":{"bucket":"gcf-v2-sources-416777413798-us-central1","object":"exportexistingdata/function-source.zip","generation":"1766344211711303"}},"dockerRegistry":"ARTIFACT_REGISTRY","serviceAccount":"projects/reqs-tech/serviceAccounts/416777413798-compute@developer.gserviceaccount.com","automaticUpdatePolicy":{}},"serviceConfig":{"service":"projects/reqs-tech/locations/us-central1/services/exportexistingdata","timeoutSeconds":60,"environmentVariables":{"FIREBASE_CONFIG":"{\"projectId\":\"reqs-tech\",\"storageBucket\":\"reqs-tech.firebasestorage.app\"}","GCLOUD_PROJECT":"reqs-tech","EVENTARC_CLOUD_EVENT_SOURCE":"projects/reqs-tech/locations/us-central1/services/exportexistingdata","FUNCTION_TARGET":"exportexistingdata","LOG_EXECUTION_ID":"true"},"ingressSettings":"ALLOW_ALL","serviceAccountEmail":"416777413798-compute@developer.gserviceaccount.com","availableMemory":"256Mi","maxInstanceRequestConcurrency":80,"availableCpu":"1"},"state":"UNKNOWN","labels":{"firebase-functions-hash":"4a1a912661caca7a351411bb4c8f470dff9d3c66"},"stateMessages":[{"severity":"ERROR","type":"CloudRunServiceNotFound","message":"Cloud Run service projects/reqs-tech/locations/us-central1/services/exportexistingdata for the function was not found. The function will not work correctly. Please redeploy."}],"environment":"GEN_2","url":"https://us-central1-reqs-tech.cloudfunctions.net/exportexistingdata","satisfiesPzi":true},"stages":[{"name":"BUILD","message":"Build in progress","state":"IN_PROGRESS","resource":"projects/416777413798/locations/us-central1/builds/87537c8d-790c-4b80-80be-fe219db70f1d","resourceUri":"https://console.cloud.google.com/cloud-build/builds;region=us-central1/87537c8d-790c-4b80-80be-fe219db70f1d?project=416777413798"},{"name":"SERVICE","state":"NOT_STARTED"}],"operationType":"UPDATE_FUNCTION","buildName":"projects/416777413798/locations/us-central1/builds/87537c8d-790c-4b80-80be-fe219db70f1d"},"done":false}
[debug] [2025-12-21T19:47:01.386Z] <<< [apiv2][status] GET https://cloudfunctions.googleapis.com/v2/projects/reqs-tech/locations/us-central1/operations/operation-1766346405031-6467b9205afbd-abc2c92b-da343742 200
[debug] [2025-12-21T19:47:01.386Z] <<< [apiv2][body] GET https://cloudfunctions.googleapis.com/v2/projects/reqs-tech/locations/us-central1/operations/operation-1766346405031-6467b9205afbd-abc2c92b-da343742 {"name":"projects/reqs-tech/locations/us-central1/operations/operation-1766346405031-6467b9205afbd-abc2c92b-da343742","metadata":{"@type":"type.googleapis.com/google.cloud.functions.v2.OperationMetadata","createTime":"2025-12-21T19:46:45.722930199Z","target":"projects/reqs-tech/locations/us-central1/functions/contact","verb":"update","cancelRequested":false,"apiVersion":"v2","requestResource":{"@type":"type.googleapis.com/google.cloud.functions.v2.Function","name":"projects/reqs-tech/locations/us-central1/functions/contact","buildConfig":{"runtime":"nodejs20","entryPoint":"contact","source":{"storageSource":{"bucket":"gcf-v2-sources-416777413798-us-central1","object":"contact/function-source.zip","generation":"1766346405680354"}},"environmentVariables":{"GOOGLE_NODE_RUN_SCRIPTS":""},"dockerRepository":"projects/reqs-tech/locations/us-central1/repositories/gcf-artifacts","sourceProvenance":{"resolvedStorageSource":{"bucket":"gcf-v2-sources-416777413798-us-central1","object":"contact/function-source.zip","generation":"1766344292960987"}},"dockerRegistry":"ARTIFACT_REGISTRY","serviceAccount":"projects/reqs-tech/serviceAccounts/416777413798-compute@developer.gserviceaccount.com","automaticUpdatePolicy":{}},"serviceConfig":{"service":"projects/reqs-tech/locations/us-central1/services/contact","timeoutSeconds":60,"environmentVariables":{"FIREBASE_CONFIG":"{\"projectId\":\"reqs-tech\",\"storageBucket\":\"reqs-tech.firebasestorage.app\"}","GCLOUD_PROJECT":"reqs-tech","EVENTARC_CLOUD_EVENT_SOURCE":"projects/reqs-tech/locations/us-central1/services/contact","FUNCTION_TARGET":"contact","LOG_EXECUTION_ID":"true"},"maxInstanceCount":5,"ingressSettings":"ALLOW_ALL","serviceAccountEmail":"416777413798-compute@developer.gserviceaccount.com","availableMemory":"256Mi","maxInstanceRequestConcurrency":80,"availableCpu":"1"},"state":"UNKNOWN","labels":{"firebase-functions-hash":"4a1a912661caca7a351411bb4c8f470dff9d3c66"},"stateMessages":[{"severity":"ERROR","type":"CloudRunServiceNotFound","message":"Cloud Run service projects/reqs-tech/locations/us-central1/services/contact for the function was not found. The function will not work correctly. Please redeploy."}],"environment":"GEN_2","url":"https://us-central1-reqs-tech.cloudfunctions.net/contact","satisfiesPzi":true},"stages":[{"name":"BUILD","message":"Build in progress","state":"IN_PROGRESS","resource":"projects/416777413798/locations/us-central1/builds/7f1e1be3-0c5c-4402-ab82-40958eada991","resourceUri":"https://console.cloud.google.com/cloud-build/builds;region=us-central1/7f1e1be3-0c5c-4402-ab82-40958eada991?project=416777413798"},{"name":"SERVICE","state":"NOT_STARTED"}],"operationType":"UPDATE_FUNCTION","buildName":"projects/416777413798/locations/us-central1/builds/7f1e1be3-0c5c-4402-ab82-40958eada991"},"done":false}
[debug] [2025-12-21T19:47:01.486Z] [create-default-us-central1-handleRoleResponseCreate] Retrying task index 0
[debug] [2025-12-21T19:47:01.486Z] Checked if tokens are valid: true, expires at: 1766348521072
[debug] [2025-12-21T19:47:01.486Z] Checked if tokens are valid: true, expires at: 1766348521072
[debug] [2025-12-21T19:47:01.487Z] >>> [apiv2][query] GET https://cloudfunctions.googleapis.com/v2/projects/reqs-tech/locations/us-central1/operations/operation-1766346405017-6467b9205786f-f72b15eb-6ec54d4d [none]
[debug] [2025-12-21T19:47:01.510Z] <<< [apiv2][status] GET https://cloudfunctions.googleapis.com/v2/projects/reqs-tech/locations/us-central1/operations/operation-1766346405017-6467b9205786f-f72b15eb-6ec54d4d 200
[debug] [2025-12-21T19:47:01.510Z] <<< [apiv2][body] GET https://cloudfunctions.googleapis.com/v2/projects/reqs-tech/locations/us-central1/operations/operation-1766346405017-6467b9205786f-f72b15eb-6ec54d4d {"name":"projects/reqs-tech/locations/us-central1/operations/operation-1766346405017-6467b9205786f-f72b15eb-6ec54d4d","metadata":{"@type":"type.googleapis.com/google.cloud.functions.v2.OperationMetadata","createTime":"2025-12-21T19:46:45.830232803Z","target":"projects/reqs-tech/locations/us-central1/functions/handleRoleResponseCreate","verb":"create","cancelRequested":false,"apiVersion":"v2","requestResource":{"@type":"type.googleapis.com/google.cloud.functions.v2.Function","name":"projects/reqs-tech/locations/us-central1/functions/handleRoleResponseCreate","buildConfig":{"runtime":"nodejs20","entryPoint":"handleRoleResponseCreate","source":{"storageSource":{"bucket":"gcf-v2-sources-416777413798-us-central1","object":"handleRoleResponseCreate/function-source.zip","generation":"1766346405230985"}},"environmentVariables":{"GOOGLE_NODE_RUN_SCRIPTS":""},"serviceAccount":"projects/reqs-tech/serviceAccounts/416777413798-compute@developer.gserviceaccount.com","automaticUpdatePolicy":{}},"serviceConfig":{"service":"projects/reqs-tech/locations/us-central1/services/handleroleresponsecreate","timeoutSeconds":60,"environmentVariables":{"FIREBASE_CONFIG":"{\"projectId\":\"reqs-tech\",\"storageBucket\":\"reqs-tech.firebasestorage.app\"}","GCLOUD_PROJECT":"reqs-tech","EVENTARC_CLOUD_EVENT_SOURCE":"projects/reqs-tech/locations/us-central1/services/handleRoleResponseCreate","FUNCTION_SIGNATURE_TYPE":"cloudevent","FUNCTION_TARGET":"handleRoleResponseCreate","LOG_EXECUTION_ID":"true"},"ingressSettings":"ALLOW_ALL","serviceAccountEmail":"416777413798-compute@developer.gserviceaccount.com","availableMemory":"256Mi","maxInstanceRequestConcurrency":80,"availableCpu":"1"},"eventTrigger":{"trigger":"projects/reqs-tech/locations/nam5/triggers/handleroleresponsecreate-000295","triggerRegion":"nam5","eventType":"google.cloud.firestore.document.v1.created","eventFilters":[{"attribute":"database","value":"(default)"},{"attribute":"namespace","value":"(default)"},{"attribute":"document","value":"roleResponse/{docId}","operator":"match-path-pattern"}],"serviceAccountEmail":"416777413798-compute@developer.gserviceaccount.com","retryPolicy":"RETRY_POLICY_DO_NOT_RETRY"},"labels":{"deployment-tool":"cli-firebase--project-idx","firebase-functions-hash":"4a1a912661caca7a351411bb4c8f470dff9d3c66"},"environment":"GEN_2"},"stages":[{"name":"BUILD","message":"Build in progress","state":"IN_PROGRESS","resource":"projects/416777413798/locations/us-central1/builds/1b144c31-dae9-4bd9-9878-98a7f7257f73","resourceUri":"https://console.cloud.google.com/cloud-build/builds;region=us-central1/1b144c31-dae9-4bd9-9878-98a7f7257f73?project=416777413798"},{"name":"SERVICE","state":"NOT_STARTED"},{"name":"TRIGGER","state":"NOT_STARTED"}],"operationType":"CREATE_FUNCTION","buildName":"projects/416777413798/locations/us-central1/builds/1b144c31-dae9-4bd9-9878-98a7f7257f73"},"done":false}
[debug] [2025-12-21T19:47:11.383Z] [update-default-us-central1-exportexistingdata] Retrying task index 0
[debug] [2025-12-21T19:47:11.384Z] Checked if tokens are valid: true, expires at: 1766348521072
[debug] [2025-12-21T19:47:11.384Z] Checked if tokens are valid: true, expires at: 1766348521072
[debug] [2025-12-21T19:47:11.384Z] >>> [apiv2][query] GET https://cloudfunctions.googleapis.com/v2/projects/reqs-tech/locations/us-central1/operations/operation-1766346405009-6467b92055933-e60b63ae-eef0c23a [none]
[debug] [2025-12-21T19:47:11.386Z] [update-default-us-central1-contact] Retrying task index 0
[debug] [2025-12-21T19:47:11.386Z] Checked if tokens are valid: true, expires at: 1766348521072
[debug] [2025-12-21T19:47:11.386Z] Checked if tokens are valid: true, expires at: 1766348521072
[debug] [2025-12-21T19:47:11.387Z] >>> [apiv2][query] GET https://cloudfunctions.googleapis.com/v2/projects/reqs-tech/locations/us-central1/operations/operation-1766346405031-6467b9205afbd-abc2c92b-da343742 [none]
[debug] [2025-12-21T19:47:11.413Z] <<< [apiv2][status] GET https://cloudfunctions.googleapis.com/v2/projects/reqs-tech/locations/us-central1/operations/operation-1766346405009-6467b92055933-e60b63ae-eef0c23a 200
[debug] [2025-12-21T19:47:11.413Z] <<< [apiv2][body] GET https://cloudfunctions.googleapis.com/v2/projects/reqs-tech/locations/us-central1/operations/operation-1766346405009-6467b92055933-e60b63ae-eef0c23a {"name":"projects/reqs-tech/locations/us-central1/operations/operation-1766346405009-6467b92055933-e60b63ae-eef0c23a","metadata":{"@type":"type.googleapis.com/google.cloud.functions.v2.OperationMetadata","createTime":"2025-12-21T19:46:45.703668343Z","target":"projects/reqs-tech/locations/us-central1/functions/exportexistingdata","verb":"update","cancelRequested":false,"apiVersion":"v2","requestResource":{"@type":"type.googleapis.com/google.cloud.functions.v2.Function","name":"projects/reqs-tech/locations/us-central1/functions/exportexistingdata","buildConfig":{"runtime":"nodejs20","entryPoint":"exportexistingdata","source":{"storageSource":{"bucket":"gcf-v2-sources-416777413798-us-central1","object":"exportexistingdata/function-source.zip","generation":"1766346405655851"}},"environmentVariables":{"GOOGLE_NODE_RUN_SCRIPTS":""},"dockerRepository":"projects/reqs-tech/locations/us-central1/repositories/gcf-artifacts","sourceProvenance":{"resolvedStorageSource":{"bucket":"gcf-v2-sources-416777413798-us-central1","object":"exportexistingdata/function-source.zip","generation":"1766344211711303"}},"dockerRegistry":"ARTIFACT_REGISTRY","serviceAccount":"projects/reqs-tech/serviceAccounts/416777413798-compute@developer.gserviceaccount.com","automaticUpdatePolicy":{}},"serviceConfig":{"service":"projects/reqs-tech/locations/us-central1/services/exportexistingdata","timeoutSeconds":60,"environmentVariables":{"FIREBASE_CONFIG":"{\"projectId\":\"reqs-tech\",\"storageBucket\":\"reqs-tech.firebasestorage.app\"}","GCLOUD_PROJECT":"reqs-tech","EVENTARC_CLOUD_EVENT_SOURCE":"projects/reqs-tech/locations/us-central1/services/exportexistingdata","FUNCTION_TARGET":"exportexistingdata","LOG_EXECUTION_ID":"true"},"ingressSettings":"ALLOW_ALL","serviceAccountEmail":"416777413798-compute@developer.gserviceaccount.com","availableMemory":"256Mi","maxInstanceRequestConcurrency":80,"availableCpu":"1"},"state":"UNKNOWN","labels":{"firebase-functions-hash":"4a1a912661caca7a351411bb4c8f470dff9d3c66"},"stateMessages":[{"severity":"ERROR","type":"CloudRunServiceNotFound","message":"Cloud Run service projects/reqs-tech/locations/us-central1/services/exportexistingdata for the function was not found. The function will not work correctly. Please redeploy."}],"environment":"GEN_2","url":"https://us-central1-reqs-tech.cloudfunctions.net/exportexistingdata","satisfiesPzi":true},"stages":[{"name":"BUILD","message":"Build in progress","state":"IN_PROGRESS","resource":"projects/416777413798/locations/us-central1/builds/87537c8d-790c-4b80-80be-fe219db70f1d","resourceUri":"https://console.cloud.google.com/cloud-build/builds;region=us-central1/87537c8d-790c-4b80-80be-fe219db70f1d?project=416777413798"},{"name":"SERVICE","state":"NOT_STARTED"}],"operationType":"UPDATE_FUNCTION","buildName":"projects/416777413798/locations/us-central1/builds/87537c8d-790c-4b80-80be-fe219db70f1d"},"done":false}
[debug] [2025-12-21T19:47:11.431Z] <<< [apiv2][status] GET https://cloudfunctions.googleapis.com/v2/projects/reqs-tech/locations/us-central1/operations/operation-1766346405031-6467b9205afbd-abc2c92b-da343742 200
[debug] [2025-12-21T19:47:11.431Z] <<< [apiv2][body] GET https://cloudfunctions.googleapis.com/v2/projects/reqs-tech/locations/us-central1/operations/operation-1766346405031-6467b9205afbd-abc2c92b-da343742 {"name":"projects/reqs-tech/locations/us-central1/operations/operation-1766346405031-6467b9205afbd-abc2c92b-da343742","metadata":{"@type":"type.googleapis.com/google.cloud.functions.v2.OperationMetadata","createTime":"2025-12-21T19:46:45.722930199Z","target":"projects/reqs-tech/locations/us-central1/functions/contact","verb":"update","cancelRequested":false,"apiVersion":"v2","requestResource":{"@type":"type.googleapis.com/google.cloud.functions.v2.Function","name":"projects/reqs-tech/locations/us-central1/functions/contact","buildConfig":{"runtime":"nodejs20","entryPoint":"contact","source":{"storageSource":{"bucket":"gcf-v2-sources-416777413798-us-central1","object":"contact/function-source.zip","generation":"1766346405680354"}},"environmentVariables":{"GOOGLE_NODE_RUN_SCRIPTS":""},"dockerRepository":"projects/reqs-tech/locations/us-central1/repositories/gcf-artifacts","sourceProvenance":{"resolvedStorageSource":{"bucket":"gcf-v2-sources-416777413798-us-central1","object":"contact/function-source.zip","generation":"1766344292960987"}},"dockerRegistry":"ARTIFACT_REGISTRY","serviceAccount":"projects/reqs-tech/serviceAccounts/416777413798-compute@developer.gserviceaccount.com","automaticUpdatePolicy":{}},"serviceConfig":{"service":"projects/reqs-tech/locations/us-central1/services/contact","timeoutSeconds":60,"environmentVariables":{"FIREBASE_CONFIG":"{\"projectId\":\"reqs-tech\",\"storageBucket\":\"reqs-tech.firebasestorage.app\"}","GCLOUD_PROJECT":"reqs-tech","EVENTARC_CLOUD_EVENT_SOURCE":"projects/reqs-tech/locations/us-central1/services/contact","FUNCTION_TARGET":"contact","LOG_EXECUTION_ID":"true"},"maxInstanceCount":5,"ingressSettings":"ALLOW_ALL","serviceAccountEmail":"416777413798-compute@developer.gserviceaccount.com","availableMemory":"256Mi","maxInstanceRequestConcurrency":80,"availableCpu":"1"},"state":"UNKNOWN","labels":{"firebase-functions-hash":"4a1a912661caca7a351411bb4c8f470dff9d3c66"},"stateMessages":[{"severity":"ERROR","type":"CloudRunServiceNotFound","message":"Cloud Run service projects/reqs-tech/locations/us-central1/services/contact for the function was not found. The function will not work correctly. Please redeploy."}],"environment":"GEN_2","url":"https://us-central1-reqs-tech.cloudfunctions.net/contact","satisfiesPzi":true},"stages":[{"name":"BUILD","message":"Build in progress","state":"IN_PROGRESS","resource":"projects/416777413798/locations/us-central1/builds/7f1e1be3-0c5c-4402-ab82-40958eada991","resourceUri":"https://console.cloud.google.com/cloud-build/builds;region=us-central1/7f1e1be3-0c5c-4402-ab82-40958eada991?project=416777413798"},{"name":"SERVICE","state":"NOT_STARTED"}],"operationType":"UPDATE_FUNCTION","buildName":"projects/416777413798/locations/us-central1/builds/7f1e1be3-0c5c-4402-ab82-40958eada991"},"done":false}
[debug] [2025-12-21T19:47:11.511Z] [create-default-us-central1-handleRoleResponseCreate] Retrying task index 0
[debug] [2025-12-21T19:47:11.511Z] Checked if tokens are valid: true, expires at: 1766348521072
[debug] [2025-12-21T19:47:11.512Z] Checked if tokens are valid: true, expires at: 1766348521072
[debug] [2025-12-21T19:47:11.512Z] >>> [apiv2][query] GET https://cloudfunctions.googleapis.com/v2/projects/reqs-tech/locations/us-central1/operations/operation-1766346405017-6467b9205786f-f72b15eb-6ec54d4d [none]
[debug] [2025-12-21T19:47:11.549Z] <<< [apiv2][status] GET https://cloudfunctions.googleapis.com/v2/projects/reqs-tech/locations/us-central1/operations/operation-1766346405017-6467b9205786f-f72b15eb-6ec54d4d 200
[debug] [2025-12-21T19:47:11.549Z] <<< [apiv2][body] GET https://cloudfunctions.googleapis.com/v2/projects/reqs-tech/locations/us-central1/operations/operation-1766346405017-6467b9205786f-f72b15eb-6ec54d4d {"name":"projects/reqs-tech/locations/us-central1/operations/operation-1766346405017-6467b9205786f-f72b15eb-6ec54d4d","metadata":{"@type":"type.googleapis.com/google.cloud.functions.v2.OperationMetadata","createTime":"2025-12-21T19:46:45.830232803Z","target":"projects/reqs-tech/locations/us-central1/functions/handleRoleResponseCreate","verb":"create","cancelRequested":false,"apiVersion":"v2","requestResource":{"@type":"type.googleapis.com/google.cloud.functions.v2.Function","name":"projects/reqs-tech/locations/us-central1/functions/handleRoleResponseCreate","buildConfig":{"runtime":"nodejs20","entryPoint":"handleRoleResponseCreate","source":{"storageSource":{"bucket":"gcf-v2-sources-416777413798-us-central1","object":"handleRoleResponseCreate/function-source.zip","generation":"1766346405230985"}},"environmentVariables":{"GOOGLE_NODE_RUN_SCRIPTS":""},"serviceAccount":"projects/reqs-tech/serviceAccounts/416777413798-compute@developer.gserviceaccount.com","automaticUpdatePolicy":{}},"serviceConfig":{"service":"projects/reqs-tech/locations/us-central1/services/handleroleresponsecreate","timeoutSeconds":60,"environmentVariables":{"FIREBASE_CONFIG":"{\"projectId\":\"reqs-tech\",\"storageBucket\":\"reqs-tech.firebasestorage.app\"}","GCLOUD_PROJECT":"reqs-tech","EVENTARC_CLOUD_EVENT_SOURCE":"projects/reqs-tech/locations/us-central1/services/handleRoleResponseCreate","FUNCTION_SIGNATURE_TYPE":"cloudevent","FUNCTION_TARGET":"handleRoleResponseCreate","LOG_EXECUTION_ID":"true"},"ingressSettings":"ALLOW_ALL","serviceAccountEmail":"416777413798-compute@developer.gserviceaccount.com","availableMemory":"256Mi","maxInstanceRequestConcurrency":80,"availableCpu":"1"},"eventTrigger":{"trigger":"projects/reqs-tech/locations/nam5/triggers/handleroleresponsecreate-000295","triggerRegion":"nam5","eventType":"google.cloud.firestore.document.v1.created","eventFilters":[{"attribute":"database","value":"(default)"},{"attribute":"namespace","value":"(default)"},{"attribute":"document","value":"roleResponse/{docId}","operator":"match-path-pattern"}],"serviceAccountEmail":"416777413798-compute@developer.gserviceaccount.com","retryPolicy":"RETRY_POLICY_DO_NOT_RETRY"},"labels":{"deployment-tool":"cli-firebase--project-idx","firebase-functions-hash":"4a1a912661caca7a351411bb4c8f470dff9d3c66"},"environment":"GEN_2"},"stages":[{"name":"BUILD","message":"Build in progress","state":"IN_PROGRESS","resource":"projects/416777413798/locations/us-central1/builds/1b144c31-dae9-4bd9-9878-98a7f7257f73","resourceUri":"https://console.cloud.google.com/cloud-build/builds;region=us-central1/1b144c31-dae9-4bd9-9878-98a7f7257f73?project=416777413798"},{"name":"SERVICE","state":"NOT_STARTED"},{"name":"TRIGGER","state":"NOT_STARTED"}],"operationType":"CREATE_FUNCTION","buildName":"projects/416777413798/locations/us-central1/builds/1b144c31-dae9-4bd9-9878-98a7f7257f73"},"done":false}
[debug] [2025-12-21T19:47:21.418Z] [update-default-us-central1-exportexistingdata] Retrying task index 0
[debug] [2025-12-21T19:47:21.419Z] Checked if tokens are valid: true, expires at: 1766348521072
[debug] [2025-12-21T19:47:21.419Z] Checked if tokens are valid: true, expires at: 1766348521072
[debug] [2025-12-21T19:47:21.419Z] >>> [apiv2][query] GET https://cloudfunctions.googleapis.com/v2/projects/reqs-tech/locations/us-central1/operations/operation-1766346405009-6467b92055933-e60b63ae-eef0c23a [none]
[debug] [2025-12-21T19:47:21.431Z] [update-default-us-central1-contact] Retrying task index 0
[debug] [2025-12-21T19:47:21.431Z] Checked if tokens are valid: true, expires at: 1766348521072
[debug] [2025-12-21T19:47:21.432Z] Checked if tokens are valid: true, expires at: 1766348521072
[debug] [2025-12-21T19:47:21.432Z] >>> [apiv2][query] GET https://cloudfunctions.googleapis.com/v2/projects/reqs-tech/locations/us-central1/operations/operation-1766346405031-6467b9205afbd-abc2c92b-da343742 [none]
[debug] [2025-12-21T19:47:21.448Z] <<< [apiv2][status] GET https://cloudfunctions.googleapis.com/v2/projects/reqs-tech/locations/us-central1/operations/operation-1766346405009-6467b92055933-e60b63ae-eef0c23a 200
[debug] [2025-12-21T19:47:21.449Z] <<< [apiv2][body] GET https://cloudfunctions.googleapis.com/v2/projects/reqs-tech/locations/us-central1/operations/operation-1766346405009-6467b92055933-e60b63ae-eef0c23a {"name":"projects/reqs-tech/locations/us-central1/operations/operation-1766346405009-6467b92055933-e60b63ae-eef0c23a","metadata":{"@type":"type.googleapis.com/google.cloud.functions.v2.OperationMetadata","createTime":"2025-12-21T19:46:45.703668343Z","target":"projects/reqs-tech/locations/us-central1/functions/exportexistingdata","verb":"update","cancelRequested":false,"apiVersion":"v2","requestResource":{"@type":"type.googleapis.com/google.cloud.functions.v2.Function","name":"projects/reqs-tech/locations/us-central1/functions/exportexistingdata","buildConfig":{"runtime":"nodejs20","entryPoint":"exportexistingdata","source":{"storageSource":{"bucket":"gcf-v2-sources-416777413798-us-central1","object":"exportexistingdata/function-source.zip","generation":"1766346405655851"}},"environmentVariables":{"GOOGLE_NODE_RUN_SCRIPTS":""},"dockerRepository":"projects/reqs-tech/locations/us-central1/repositories/gcf-artifacts","sourceProvenance":{"resolvedStorageSource":{"bucket":"gcf-v2-sources-416777413798-us-central1","object":"exportexistingdata/function-source.zip","generation":"1766344211711303"}},"dockerRegistry":"ARTIFACT_REGISTRY","serviceAccount":"projects/reqs-tech/serviceAccounts/416777413798-compute@developer.gserviceaccount.com","automaticUpdatePolicy":{}},"serviceConfig":{"service":"projects/reqs-tech/locations/us-central1/services/exportexistingdata","timeoutSeconds":60,"environmentVariables":{"FIREBASE_CONFIG":"{\"projectId\":\"reqs-tech\",\"storageBucket\":\"reqs-tech.firebasestorage.app\"}","GCLOUD_PROJECT":"reqs-tech","EVENTARC_CLOUD_EVENT_SOURCE":"projects/reqs-tech/locations/us-central1/services/exportexistingdata","FUNCTION_TARGET":"exportexistingdata","LOG_EXECUTION_ID":"true"},"ingressSettings":"ALLOW_ALL","serviceAccountEmail":"416777413798-compute@developer.gserviceaccount.com","availableMemory":"256Mi","maxInstanceRequestConcurrency":80,"availableCpu":"1"},"state":"UNKNOWN","labels":{"firebase-functions-hash":"4a1a912661caca7a351411bb4c8f470dff9d3c66"},"stateMessages":[{"severity":"ERROR","type":"CloudRunServiceNotFound","message":"Cloud Run service projects/reqs-tech/locations/us-central1/services/exportexistingdata for the function was not found. The function will not work correctly. Please redeploy."}],"environment":"GEN_2","url":"https://us-central1-reqs-tech.cloudfunctions.net/exportexistingdata","satisfiesPzi":true},"stages":[{"name":"BUILD","message":"Build in progress","state":"IN_PROGRESS","resource":"projects/416777413798/locations/us-central1/builds/87537c8d-790c-4b80-80be-fe219db70f1d","resourceUri":"https://console.cloud.google.com/cloud-build/builds;region=us-central1/87537c8d-790c-4b80-80be-fe219db70f1d?project=416777413798"},{"name":"SERVICE","state":"NOT_STARTED"}],"operationType":"UPDATE_FUNCTION","buildName":"projects/416777413798/locations/us-central1/builds/87537c8d-790c-4b80-80be-fe219db70f1d"},"done":false}
[debug] [2025-12-21T19:47:21.474Z] <<< [apiv2][status] GET https://cloudfunctions.googleapis.com/v2/projects/reqs-tech/locations/us-central1/operations/operation-1766346405031-6467b9205afbd-abc2c92b-da343742 200
[debug] [2025-12-21T19:47:21.474Z] <<< [apiv2][body] GET https://cloudfunctions.googleapis.com/v2/projects/reqs-tech/locations/us-central1/operations/operation-1766346405031-6467b9205afbd-abc2c92b-da343742 {"name":"projects/reqs-tech/locations/us-central1/operations/operation-1766346405031-6467b9205afbd-abc2c92b-da343742","metadata":{"@type":"type.googleapis.com/google.cloud.functions.v2.OperationMetadata","createTime":"2025-12-21T19:46:45.722930199Z","endTime":"2025-12-21T19:47:18.524501865Z","target":"projects/reqs-tech/locations/us-central1/functions/contact","verb":"update","cancelRequested":false,"apiVersion":"v2","requestResource":{"@type":"type.googleapis.com/google.cloud.functions.v2.Function","name":"projects/reqs-tech/locations/us-central1/functions/contact","buildConfig":{"runtime":"nodejs20","entryPoint":"contact","source":{"storageSource":{"bucket":"gcf-v2-sources-416777413798-us-central1","object":"contact/function-source.zip","generation":"1766346405680354"}},"environmentVariables":{"GOOGLE_NODE_RUN_SCRIPTS":""},"dockerRepository":"projects/reqs-tech/locations/us-central1/repositories/gcf-artifacts","sourceProvenance":{"resolvedStorageSource":{"bucket":"gcf-v2-sources-416777413798-us-central1","object":"contact/function-source.zip","generation":"1766344292960987"}},"dockerRegistry":"ARTIFACT_REGISTRY","serviceAccount":"projects/reqs-tech/serviceAccounts/416777413798-compute@developer.gserviceaccount.com","automaticUpdatePolicy":{}},"serviceConfig":{"service":"projects/reqs-tech/locations/us-central1/services/contact","timeoutSeconds":60,"environmentVariables":{"FIREBASE_CONFIG":"{\"projectId\":\"reqs-tech\",\"storageBucket\":\"reqs-tech.firebasestorage.app\"}","GCLOUD_PROJECT":"reqs-tech","EVENTARC_CLOUD_EVENT_SOURCE":"projects/reqs-tech/locations/us-central1/services/contact","FUNCTION_TARGET":"contact","LOG_EXECUTION_ID":"true"},"maxInstanceCount":5,"ingressSettings":"ALLOW_ALL","serviceAccountEmail":"416777413798-compute@developer.gserviceaccount.com","availableMemory":"256Mi","maxInstanceRequestConcurrency":80,"availableCpu":"1"},"state":"UNKNOWN","labels":{"firebase-functions-hash":"4a1a912661caca7a351411bb4c8f470dff9d3c66"},"stateMessages":[{"severity":"ERROR","type":"CloudRunServiceNotFound","message":"Cloud Run service projects/reqs-tech/locations/us-central1/services/contact for the function was not found. The function will not work correctly. Please redeploy."}],"environment":"GEN_2","url":"https://us-central1-reqs-tech.cloudfunctions.net/contact","satisfiesPzi":true},"stages":[{"name":"SERVICE","state":"NOT_STARTED"}],"operationType":"UPDATE_FUNCTION"},"done":true,"error":{"code":3,"message":"Build failed with status: FAILURE. Could not build the function due to a missing permission on the build service account. If you didn't revoke that permission explicitly, this could be caused by a change in the organization policies. Please refer to the following documentation for more details and resolution: https://cloud.google.com/functions/docs/troubleshooting#build-service-account\n You can also view the logs at https://console.cloud.google.com/cloud-build/builds;region=us-central1/7f1e1be3-0c5c-4402-ab82-40958eada991?project=416777413798.\n"}}
[debug] [2025-12-21T19:47:21.474Z] Got source token undefined for region us-central1
[error] Build failed with status: FAILURE. Could not build the function due to a missing permission on the build service account. If you didn't revoke that permission explicitly, this could be caused by a change in the organization policies. Please refer to the following documentation for more details and resolution: https://cloud.google.com/functions/docs/troubleshooting#build-service-account
 You can also view the logs at https://console.cloud.google.com/cloud-build/builds;region=us-central1/7f1e1be3-0c5c-4402-ab82-40958eada991?project=416777413798.

[debug] [2025-12-21T19:47:21.549Z] [create-default-us-central1-handleRoleResponseCreate] Retrying task index 0
[debug] [2025-12-21T19:47:21.550Z] Checked if tokens are valid: true, expires at: 1766348521072
[debug] [2025-12-21T19:47:21.550Z] Checked if tokens are valid: true, expires at: 1766348521072
[debug] [2025-12-21T19:47:21.550Z] >>> [apiv2][query] GET https://cloudfunctions.googleapis.com/v2/projects/reqs-tech/locations/us-central1/operations/operation-1766346405017-6467b9205786f-f72b15eb-6ec54d4d [none]
[debug] [2025-12-21T19:47:21.568Z] <<< [apiv2][status] GET https://cloudfunctions.googleapis.com/v2/projects/reqs-tech/locations/us-central1/operations/operation-1766346405017-6467b9205786f-f72b15eb-6ec54d4d 200
[debug] [2025-12-21T19:47:21.568Z] <<< [apiv2][body] GET https://cloudfunctions.googleapis.com/v2/projects/reqs-tech/locations/us-central1/operations/operation-1766346405017-6467b9205786f-f72b15eb-6ec54d4d {"name":"projects/reqs-tech/locations/us-central1/operations/operation-1766346405017-6467b9205786f-f72b15eb-6ec54d4d","metadata":{"@type":"type.googleapis.com/google.cloud.functions.v2.OperationMetadata","createTime":"2025-12-21T19:46:45.830232803Z","target":"projects/reqs-tech/locations/us-central1/functions/handleRoleResponseCreate","verb":"create","cancelRequested":false,"apiVersion":"v2","requestResource":{"@type":"type.googleapis.com/google.cloud.functions.v2.Function","name":"projects/reqs-tech/locations/us-central1/functions/handleRoleResponseCreate","buildConfig":{"runtime":"nodejs20","entryPoint":"handleRoleResponseCreate","source":{"storageSource":{"bucket":"gcf-v2-sources-416777413798-us-central1","object":"handleRoleResponseCreate/function-source.zip","generation":"1766346405230985"}},"environmentVariables":{"GOOGLE_NODE_RUN_SCRIPTS":""},"serviceAccount":"projects/reqs-tech/serviceAccounts/416777413798-compute@developer.gserviceaccount.com","automaticUpdatePolicy":{}},"serviceConfig":{"service":"projects/reqs-tech/locations/us-central1/services/handleroleresponsecreate","timeoutSeconds":60,"environmentVariables":{"FIREBASE_CONFIG":"{\"projectId\":\"reqs-tech\",\"storageBucket\":\"reqs-tech.firebasestorage.app\"}","GCLOUD_PROJECT":"reqs-tech","EVENTARC_CLOUD_EVENT_SOURCE":"projects/reqs-tech/locations/us-central1/services/handleRoleResponseCreate","FUNCTION_SIGNATURE_TYPE":"cloudevent","FUNCTION_TARGET":"handleRoleResponseCreate","LOG_EXECUTION_ID":"true"},"ingressSettings":"ALLOW_ALL","serviceAccountEmail":"416777413798-compute@developer.gserviceaccount.com","availableMemory":"256Mi","maxInstanceRequestConcurrency":80,"availableCpu":"1"},"eventTrigger":{"trigger":"projects/reqs-tech/locations/nam5/triggers/handleroleresponsecreate-000295","triggerRegion":"nam5","eventType":"google.cloud.firestore.document.v1.created","eventFilters":[{"attribute":"database","value":"(default)"},{"attribute":"namespace","value":"(default)"},{"attribute":"document","value":"roleResponse/{docId}","operator":"match-path-pattern"}],"serviceAccountEmail":"416777413798-compute@developer.gserviceaccount.com","retryPolicy":"RETRY_POLICY_DO_NOT_RETRY"},"labels":{"deployment-tool":"cli-firebase--project-idx","firebase-functions-hash":"4a1a912661caca7a351411bb4c8f470dff9d3c66"},"environment":"GEN_2"},"stages":[{"name":"BUILD","message":"Build in progress","state":"IN_PROGRESS","resource":"projects/416777413798/locations/us-central1/builds/1b144c31-dae9-4bd9-9878-98a7f7257f73","resourceUri":"https://console.cloud.google.com/cloud-build/builds;region=us-central1/1b144c31-dae9-4bd9-9878-98a7f7257f73?project=416777413798"},{"name":"SERVICE","state":"NOT_STARTED"},{"name":"TRIGGER","state":"NOT_STARTED"}],"operationType":"CREATE_FUNCTION","buildName":"projects/416777413798/locations/us-central1/builds/1b144c31-dae9-4bd9-9878-98a7f7257f73"},"done":false}
[debug] [2025-12-21T19:47:31.453Z] [update-default-us-central1-exportexistingdata] Retrying task index 0
[debug] [2025-12-21T19:47:31.454Z] Checked if tokens are valid: true, expires at: 1766348521072
[debug] [2025-12-21T19:47:31.454Z] Checked if tokens are valid: true, expires at: 1766348521072
[debug] [2025-12-21T19:47:31.454Z] >>> [apiv2][query] GET https://cloudfunctions.googleapis.com/v2/projects/reqs-tech/locations/us-central1/operations/operation-1766346405009-6467b92055933-e60b63ae-eef0c23a [none]
[debug] [2025-12-21T19:47:31.492Z] <<< [apiv2][status] GET https://cloudfunctions.googleapis.com/v2/projects/reqs-tech/locations/us-central1/operations/operation-1766346405009-6467b92055933-e60b63ae-eef0c23a 200
[debug] [2025-12-21T19:47:31.492Z] <<< [apiv2][body] GET https://cloudfunctions.googleapis.com/v2/projects/reqs-tech/locations/us-central1/operations/operation-1766346405009-6467b92055933-e60b63ae-eef0c23a {"name":"projects/reqs-tech/locations/us-central1/operations/operation-1766346405009-6467b92055933-e60b63ae-eef0c23a","metadata":{"@type":"type.googleapis.com/google.cloud.functions.v2.OperationMetadata","createTime":"2025-12-21T19:46:45.703668343Z","endTime":"2025-12-21T19:47:23.884189253Z","target":"projects/reqs-tech/locations/us-central1/functions/exportexistingdata","verb":"update","cancelRequested":false,"apiVersion":"v2","requestResource":{"@type":"type.googleapis.com/google.cloud.functions.v2.Function","name":"projects/reqs-tech/locations/us-central1/functions/exportexistingdata","buildConfig":{"runtime":"nodejs20","entryPoint":"exportexistingdata","source":{"storageSource":{"bucket":"gcf-v2-sources-416777413798-us-central1","object":"exportexistingdata/function-source.zip","generation":"1766346405655851"}},"environmentVariables":{"GOOGLE_NODE_RUN_SCRIPTS":""},"dockerRepository":"projects/reqs-tech/locations/us-central1/repositories/gcf-artifacts","sourceProvenance":{"resolvedStorageSource":{"bucket":"gcf-v2-sources-416777413798-us-central1","object":"exportexistingdata/function-source.zip","generation":"1766344211711303"}},"dockerRegistry":"ARTIFACT_REGISTRY","serviceAccount":"projects/reqs-tech/serviceAccounts/416777413798-compute@developer.gserviceaccount.com","automaticUpdatePolicy":{}},"serviceConfig":{"service":"projects/reqs-tech/locations/us-central1/services/exportexistingdata","timeoutSeconds":60,"environmentVariables":{"FIREBASE_CONFIG":"{\"projectId\":\"reqs-tech\",\"storageBucket\":\"reqs-tech.firebasestorage.app\"}","GCLOUD_PROJECT":"reqs-tech","EVENTARC_CLOUD_EVENT_SOURCE":"projects/reqs-tech/locations/us-central1/services/exportexistingdata","FUNCTION_TARGET":"exportexistingdata","LOG_EXECUTION_ID":"true"},"ingressSettings":"ALLOW_ALL","serviceAccountEmail":"416777413798-compute@developer.gserviceaccount.com","availableMemory":"256Mi","maxInstanceRequestConcurrency":80,"availableCpu":"1"},"state":"UNKNOWN","labels":{"firebase-functions-hash":"4a1a912661caca7a351411bb4c8f470dff9d3c66"},"stateMessages":[{"severity":"ERROR","type":"CloudRunServiceNotFound","message":"Cloud Run service projects/reqs-tech/locations/us-central1/services/exportexistingdata for the function was not found. The function will not work correctly. Please redeploy."}],"environment":"GEN_2","url":"https://us-central1-reqs-tech.cloudfunctions.net/exportexistingdata","satisfiesPzi":true},"stages":[{"name":"SERVICE","state":"NOT_STARTED"}],"operationType":"UPDATE_FUNCTION"},"done":true,"error":{"code":3,"message":"Build failed with status: FAILURE. Could not build the function due to a missing permission on the build service account. If you didn't revoke that permission explicitly, this could be caused by a change in the organization policies. Please refer to the following documentation for more details and resolution: https://cloud.google.com/functions/docs/troubleshooting#build-service-account\n You can also view the logs at https://console.cloud.google.com/cloud-build/builds;region=us-central1/87537c8d-790c-4b80-80be-fe219db70f1d?project=416777413798.\n"}}
[debug] [2025-12-21T19:47:31.492Z] Got source token undefined for region us-central1
[error] Build failed with status: FAILURE. Could not build the function due to a missing permission on the build service account. If you didn't revoke that permission explicitly, this could be caused by a change in the organization policies. Please refer to the following documentation for more details and resolution: https://cloud.google.com/functions/docs/troubleshooting#build-service-account
 You can also view the logs at https://console.cloud.google.com/cloud-build/builds;region=us-central1/87537c8d-790c-4b80-80be-fe219db70f1d?project=416777413798.

[debug] [2025-12-21T19:47:31.568Z] [create-default-us-central1-handleRoleResponseCreate] Retrying task index 0
[debug] [2025-12-21T19:47:31.569Z] Checked if tokens are valid: true, expires at: 1766348521072
[debug] [2025-12-21T19:47:31.569Z] Checked if tokens are valid: true, expires at: 1766348521072
[debug] [2025-12-21T19:47:31.569Z] >>> [apiv2][query] GET https://cloudfunctions.googleapis.com/v2/projects/reqs-tech/locations/us-central1/operations/operation-1766346405017-6467b9205786f-f72b15eb-6ec54d4d [none]
[debug] [2025-12-21T19:47:31.633Z] <<< [apiv2][status] GET https://cloudfunctions.googleapis.com/v2/projects/reqs-tech/locations/us-central1/operations/operation-1766346405017-6467b9205786f-f72b15eb-6ec54d4d 200
[debug] [2025-12-21T19:47:31.633Z] <<< [apiv2][body] GET https://cloudfunctions.googleapis.com/v2/projects/reqs-tech/locations/us-central1/operations/operation-1766346405017-6467b9205786f-f72b15eb-6ec54d4d {"name":"projects/reqs-tech/locations/us-central1/operations/operation-1766346405017-6467b9205786f-f72b15eb-6ec54d4d","metadata":{"@type":"type.googleapis.com/google.cloud.functions.v2.OperationMetadata","createTime":"2025-12-21T19:46:45.830232803Z","endTime":"2025-12-21T19:47:22.847256483Z","target":"projects/reqs-tech/locations/us-central1/functions/handleRoleResponseCreate","verb":"create","cancelRequested":false,"apiVersion":"v2","requestResource":{"@type":"type.googleapis.com/google.cloud.functions.v2.Function","name":"projects/reqs-tech/locations/us-central1/functions/handleRoleResponseCreate","buildConfig":{"runtime":"nodejs20","entryPoint":"handleRoleResponseCreate","source":{"storageSource":{"bucket":"gcf-v2-sources-416777413798-us-central1","object":"handleRoleResponseCreate/function-source.zip","generation":"1766346405230985"}},"environmentVariables":{"GOOGLE_NODE_RUN_SCRIPTS":""},"serviceAccount":"projects/reqs-tech/serviceAccounts/416777413798-compute@developer.gserviceaccount.com","automaticUpdatePolicy":{}},"serviceConfig":{"service":"projects/reqs-tech/locations/us-central1/services/handleroleresponsecreate","timeoutSeconds":60,"environmentVariables":{"FIREBASE_CONFIG":"{\"projectId\":\"reqs-tech\",\"storageBucket\":\"reqs-tech.firebasestorage.app\"}","GCLOUD_PROJECT":"reqs-tech","EVENTARC_CLOUD_EVENT_SOURCE":"projects/reqs-tech/locations/us-central1/services/handleRoleResponseCreate","FUNCTION_SIGNATURE_TYPE":"cloudevent","FUNCTION_TARGET":"handleRoleResponseCreate","LOG_EXECUTION_ID":"true"},"ingressSettings":"ALLOW_ALL","serviceAccountEmail":"416777413798-compute@developer.gserviceaccount.com","availableMemory":"256Mi","maxInstanceRequestConcurrency":80,"availableCpu":"1"},"eventTrigger":{"trigger":"projects/reqs-tech/locations/nam5/triggers/handleroleresponsecreate-000295","triggerRegion":"nam5","eventType":"google.cloud.firestore.document.v1.created","eventFilters":[{"attribute":"database","value":"(default)"},{"attribute":"namespace","value":"(default)"},{"attribute":"document","value":"roleResponse/{docId}","operator":"match-path-pattern"}],"serviceAccountEmail":"416777413798-compute@developer.gserviceaccount.com","retryPolicy":"RETRY_POLICY_DO_NOT_RETRY"},"labels":{"deployment-tool":"cli-firebase--project-idx","firebase-functions-hash":"4a1a912661caca7a351411bb4c8f470dff9d3c66"},"environment":"GEN_2"},"stages":[{"name":"ARTIFACT_REGISTRY","message":"Deleting function artifacts in Artifact Registry","state":"COMPLETE"},{"name":"SERVICE","message":"Deleting Cloud Run service","state":"COMPLETE","resource":"projects/reqs-tech/locations/us-central1/services/handleroleresponsecreate"},{"name":"TRIGGER","message":"Deleting Eventarc trigger","state":"COMPLETE","resource":"projects/reqs-tech/locations/nam5/triggers/handleroleresponsecreate-000295"}],"operationType":"CREATE_FUNCTION"},"done":true,"error":{"code":3,"message":"Build failed with status: FAILURE. Could not build the function due to a missing permission on the build service account. If you didn't revoke that permission explicitly, this could be caused by a change in the organization policies. Please refer to the following documentation for more details and resolution: https://cloud.google.com/functions/docs/troubleshooting#build-service-account\n You can also view the logs at https://console.cloud.google.com/cloud-build/builds;region=us-central1/1b144c31-dae9-4bd9-9878-98a7f7257f73?project=416777413798.\n"}}
[debug] [2025-12-21T19:47:31.633Z] Got source token undefined for region us-central1
[error] Build failed with status: FAILURE. Could not build the function due to a missing permission on the build service account. If you didn't revoke that permission explicitly, this could be caused by a change in the organization policies. Please refer to the following documentation for more details and resolution: https://cloud.google.com/functions/docs/troubleshooting#build-service-account
 You can also view the logs at https://console.cloud.google.com/cloud-build/builds;region=us-central1/1b144c31-dae9-4bd9-9878-98a7f7257f73?project=416777413798.

[debug] [2025-12-21T19:47:31.644Z] Total Function Deployment time: 83322
[debug] [2025-12-21T19:47:31.644Z] 4 Functions Deployed
[debug] [2025-12-21T19:47:31.644Z] 4 Functions Errored
[debug] [2025-12-21T19:47:31.644Z] 0 Function Deployments Aborted
[debug] [2025-12-21T19:47:31.644Z] Average Function Deployment time: 69075
[info] 
[info] Functions deploy had errors with the following functions:
	contact(us-central1)
	exportexistingdata(us-central1)
	handleRoleResponseCreate(us-central1)
	handleServiceRequestCreate(us-central1)
[debug] [2025-12-21T19:47:31.696Z] Not printing URL for HTTPS function. Typically this means it didn't match a filter or we failed deployment
[debug] [2025-12-21T19:47:31.696Z] Not printing URL for HTTPS function. Typically this means it didn't match a filter or we failed deployment
[debug] [2025-12-21T19:47:31.696Z] Checked if tokens are valid: true, expires at: 1766348521072
[debug] [2025-12-21T19:47:31.696Z] Checked if tokens are valid: true, expires at: 1766348521072
[debug] [2025-12-21T19:47:31.697Z] >>> [apiv2][query] GET https://artifactregistry.googleapis.com/v1/projects/reqs-tech/locations/us-central1/repositories/gcf-artifacts [none]
[debug] [2025-12-21T19:47:31.770Z] <<< [apiv2][status] GET https://artifactregistry.googleapis.com/v1/projects/reqs-tech/locations/us-central1/repositories/gcf-artifacts 200
[debug] [2025-12-21T19:47:31.770Z] <<< [apiv2][body] GET https://artifactregistry.googleapis.com/v1/projects/reqs-tech/locations/us-central1/repositories/gcf-artifacts {"name":"projects/reqs-tech/locations/us-central1/repositories/gcf-artifacts","format":"DOCKER","description":"This repository is created and used by Cloud Functions for storing function docker images.","labels":{"goog-managed-by":"cloudfunctions"},"createTime":"2025-12-21T18:58:51.942190Z","updateTime":"2025-12-21T19:05:41.162805Z","mode":"STANDARD_REPOSITORY","cleanupPolicies":{"firebase-functions-cleanup":{"id":"firebase-functions-cleanup","action":"DELETE","condition":{"tagState":"ANY","olderThan":"86400s"}}},"vulnerabilityScanningConfig":{"lastEnableTime":"2025-12-21T18:58:44.896549117Z","enablementState":"SCANNING_DISABLED","enablementStateReason":"API containerscanning.googleapis.com is not enabled."},"satisfiesPzi":true,"registryUri":"us-central1-docker.pkg.dev/reqs-tech/gcf-artifacts"}
[debug] [2025-12-21T19:47:31.771Z] Functions deploy failed.
[debug] [2025-12-21T19:47:31.771Z] {
  "endpoint": {
    "id": "handleServiceRequestCreate",
    "project": "reqs-tech",
    "region": "us-central1",
    "entryPoint": "handleServiceRequestCreate",
    "platform": "gcfv2",
    "runtime": "nodejs20",
    "eventTrigger": {
      "eventType": "google.cloud.firestore.document.v1.created",
      "retry": false,
      "eventFilters": {
        "database": "(default)",
        "namespace": "(default)"
      },
      "eventFilterPathPatterns": {
        "document": "serviceRequest/{docId}"
      },
      "region": "nam5"
    },
    "labels": {
      "deployment-tool": "cli-firebase--project-idx"
    },
    "serviceAccount": null,
    "ingressSettings": null,
    "availableMemoryMb": null,
    "timeoutSeconds": null,
    "maxInstances": null,
    "minInstances": null,
    "concurrency": 80,
    "vpc": null,
    "environmentVariables": {
      "FIREBASE_CONFIG": "{\"projectId\":\"reqs-tech\",\"storageBucket\":\"reqs-tech.firebasestorage.app\"}",
      "GCLOUD_PROJECT": "reqs-tech",
      "EVENTARC_CLOUD_EVENT_SOURCE": "projects/reqs-tech/locations/us-central1/services/handleServiceRequestCreate"
    },
    "codebase": "default",
    "cpu": 1,
    "targetedByOnly": false,
    "hash": "4a1a912661caca7a351411bb4c8f470dff9d3c66"
  },
  "op": "create",
  "original": {
    "name": "FirebaseError",
    "children": [],
    "exit": 1,
    "message": "Build failed with status: FAILURE. Could not build the function due to a missing permission on the build service account. If you didn't revoke that permission explicitly, this could be caused by a change in the organization policies. Please refer to the following documentation for more details and resolution: https://cloud.google.com/functions/docs/troubleshooting#build-service-account\n You can also view the logs at https://console.cloud.google.com/cloud-build/builds;region=us-central1/08c6e056-d3fc-4c9a-b206-c0fbcc4cfbca?project=416777413798.\n",
    "original": {
      "code": 3,
      "message": "Build failed with status: FAILURE. Could not build the function due to a missing permission on the build service account. If you didn't revoke that permission explicitly, this could be caused by a change in the organization policies. Please refer to the following documentation for more details and resolution: https://cloud.google.com/functions/docs/troubleshooting#build-service-account\n You can also view the logs at https://console.cloud.google.com/cloud-build/builds;region=us-central1/08c6e056-d3fc-4c9a-b206-c0fbcc4cfbca?project=416777413798.\n"
    },
    "status": 3,
    "code": 3
  }
}
[debug] [2025-12-21T19:47:31.771Z] {
  "endpoint": {
    "id": "contact",
    "project": "reqs-tech",
    "region": "us-central1",
    "entryPoint": "contact",
    "platform": "gcfv2",
    "runtime": "nodejs20",
    "httpsTrigger": {},
    "labels": {
      "deployment-tool": "cli-firebase--project-idx"
    },
    "serviceAccount": null,
    "ingressSettings": null,
    "availableMemoryMb": null,
    "timeoutSeconds": null,
    "maxInstances": 5,
    "minInstances": null,
    "concurrency": 80,
    "vpc": null,
    "environmentVariables": {
      "FIREBASE_CONFIG": "{\"projectId\":\"reqs-tech\",\"storageBucket\":\"reqs-tech.firebasestorage.app\"}",
      "GCLOUD_PROJECT": "reqs-tech",
      "EVENTARC_CLOUD_EVENT_SOURCE": "projects/reqs-tech/locations/us-central1/services/contact"
    },
    "codebase": "default",
    "securityLevel": "SECURE_ALWAYS",
    "cpu": 1,
    "targetedByOnly": false,
    "hash": "4a1a912661caca7a351411bb4c8f470dff9d3c66"
  },
  "op": "update",
  "original": {
    "name": "FirebaseError",
    "children": [],
    "exit": 1,
    "message": "Build failed with status: FAILURE. Could not build the function due to a missing permission on the build service account. If you didn't revoke that permission explicitly, this could be caused by a change in the organization policies. Please refer to the following documentation for more details and resolution: https://cloud.google.com/functions/docs/troubleshooting#build-service-account\n You can also view the logs at https://console.cloud.google.com/cloud-build/builds;region=us-central1/7f1e1be3-0c5c-4402-ab82-40958eada991?project=416777413798.\n",
    "original": {
      "code": 3,
      "message": "Build failed with status: FAILURE. Could not build the function due to a missing permission on the build service account. If you didn't revoke that permission explicitly, this could be caused by a change in the organization policies. Please refer to the following documentation for more details and resolution: https://cloud.google.com/functions/docs/troubleshooting#build-service-account\n You can also view the logs at https://console.cloud.google.com/cloud-build/builds;region=us-central1/7f1e1be3-0c5c-4402-ab82-40958eada991?project=416777413798.\n"
    },
    "status": 3,
    "code": 3
  }
}
[debug] [2025-12-21T19:47:31.771Z] {
  "endpoint": {
    "id": "exportexistingdata",
    "project": "reqs-tech",
    "region": "us-central1",
    "entryPoint": "exportexistingdata",
    "platform": "gcfv2",
    "runtime": "nodejs20",
    "httpsTrigger": {},
    "labels": {
      "deployment-tool": "cli-firebase--project-idx"
    },
    "serviceAccount": null,
    "ingressSettings": null,
    "availableMemoryMb": null,
    "timeoutSeconds": null,
    "maxInstances": null,
    "minInstances": null,
    "concurrency": 80,
    "vpc": null,
    "environmentVariables": {
      "FIREBASE_CONFIG": "{\"projectId\":\"reqs-tech\",\"storageBucket\":\"reqs-tech.firebasestorage.app\"}",
      "GCLOUD_PROJECT": "reqs-tech",
      "EVENTARC_CLOUD_EVENT_SOURCE": "projects/reqs-tech/locations/us-central1/services/exportexistingdata"
    },
    "codebase": "default",
    "securityLevel": "SECURE_ALWAYS",
    "cpu": 1,
    "targetedByOnly": false,
    "hash": "4a1a912661caca7a351411bb4c8f470dff9d3c66"
  },
  "op": "update",
  "original": {
    "name": "FirebaseError",
    "children": [],
    "exit": 1,
    "message": "Build failed with status: FAILURE. Could not build the function due to a missing permission on the build service account. If you didn't revoke that permission explicitly, this could be caused by a change in the organization policies. Please refer to the following documentation for more details and resolution: https://cloud.google.com/functions/docs/troubleshooting#build-service-account\n You can also view the logs at https://console.cloud.google.com/cloud-build/builds;region=us-central1/87537c8d-790c-4b80-80be-fe219db70f1d?project=416777413798.\n",
    "original": {
      "code": 3,
      "message": "Build failed with status: FAILURE. Could not build the function due to a missing permission on the build service account. If you didn't revoke that permission explicitly, this could be caused by a change in the organization policies. Please refer to the following documentation for more details and resolution: https://cloud.google.com/functions/docs/troubleshooting#build-service-account\n You can also view the logs at https://console.cloud.google.com/cloud-build/builds;region=us-central1/87537c8d-790c-4b80-80be-fe219db70f1d?project=416777413798.\n"
    },
    "status": 3,
    "code": 3
  }
}
[debug] [2025-12-21T19:47:31.771Z] {
  "endpoint": {
    "id": "handleRoleResponseCreate",
    "project": "reqs-tech",
    "region": "us-central1",
    "entryPoint": "handleRoleResponseCreate",
    "platform": "gcfv2",
    "runtime": "nodejs20",
    "eventTrigger": {
      "eventType": "google.cloud.firestore.document.v1.created",
      "retry": false,
      "eventFilters": {
        "database": "(default)",
        "namespace": "(default)"
      },
      "eventFilterPathPatterns": {
        "document": "roleResponse/{docId}"
      },
      "region": "nam5"
    },
    "labels": {
      "deployment-tool": "cli-firebase--project-idx"
    },
    "serviceAccount": null,
    "ingressSettings": null,
    "availableMemoryMb": null,
    "timeoutSeconds": null,
    "maxInstances": null,
    "minInstances": null,
    "concurrency": 80,
    "vpc": null,
    "environmentVariables": {
      "FIREBASE_CONFIG": "{\"projectId\":\"reqs-tech\",\"storageBucket\":\"reqs-tech.firebasestorage.app\"}",
      "GCLOUD_PROJECT": "reqs-tech",
      "EVENTARC_CLOUD_EVENT_SOURCE": "projects/reqs-tech/locations/us-central1/services/handleRoleResponseCreate"
    },
    "codebase": "default",
    "cpu": 1,
    "targetedByOnly": false,
    "hash": "4a1a912661caca7a351411bb4c8f470dff9d3c66"
  },
  "op": "create",
  "original": {
    "name": "FirebaseError",
    "children": [],
    "exit": 1,
    "message": "Build failed with status: FAILURE. Could not build the function due to a missing permission on the build service account. If you didn't revoke that permission explicitly, this could be caused by a change in the organization policies. Please refer to the following documentation for more details and resolution: https://cloud.google.com/functions/docs/troubleshooting#build-service-account\n You can also view the logs at https://console.cloud.google.com/cloud-build/builds;region=us-central1/1b144c31-dae9-4bd9-9878-98a7f7257f73?project=416777413798.\n",
    "original": {
      "code": 3,
      "message": "Build failed with status: FAILURE. Could not build the function due to a missing permission on the build service account. If you didn't revoke that permission explicitly, this could be caused by a change in the organization policies. Please refer to the following documentation for more details and resolution: https://cloud.google.com/functions/docs/troubleshooting#build-service-account\n You can also view the logs at https://console.cloud.google.com/cloud-build/builds;region=us-central1/1b144c31-dae9-4bd9-9878-98a7f7257f73?project=416777413798.\n"
    },
    "status": 3,
    "code": 3
  }
}
[error] Error: There was an error deploying functions:
[error] - Error Failed to create function handleServiceRequestCreate in region us-central1
[error] - Error Failed to update function contact in region us-central1
[error] - Error Failed to update function exportexistingdata in region us-central1
[error] - Error Failed to create function handleRoleResponseCreate in region us-central1
